"블링컨·왕이 90분 대만 격론…美 ""평화 유지"" 中 ""위험한 신호""",2022-09-25 15:12:41,중앙일보,"토니 블링컨(왼쪽) 미국 국무장관이 23일 왕이(오른쪽) 중국 외교부장과 회담에 앞서 악수하고 있다. 신화=연합뉴스           토니 블링컨 미국 국무장관과 왕이(王毅) 중국 국무위원 겸 외교부장이 지난 23일(현지시간) 미국 뉴욕에서 회담을 갖고 대만 문제를 놓고 90분간 격론을 벌였다.    미국 국무부에 따르면 블링컨 장관은 “대만 해협의 평화와 안정을 유지하는 것은 지역과 세계 안보와 번영에 대단히 중요하다고 강조했다.” 또 “러시아의 우크라이나 전쟁에 대한 미국 정부의 비난, 만일 중화인민공화국이 주권국가를 침범한 모스크바에 지원을 제공할 경우의 함의를 거듭 강조했다”고 했다. 블링컨 장관은 미·중간 소통 채널을 유지할 필요성을 토론했으며 양국 간 이익이 교차하는 곳에서는 협력에 열려있는 미국의 입장을 강조했다고도 덧붙였다.      왕이 부장은 ‘하나의 중국’을 역설했다. 왕 부장은 “(미국이) 공개적으로 대만을 협력해 방어하겠다 공언하면서 매우 잘못되고 위험한 신호를 보냈다”며 “미국은 미·중 3개 공동성명과 하나의 중국 원칙으로 있는 그대로(原原本本·원원본본) 되돌아가고, 하나의 중국 정책을 깨끗하게(幹幹淨淨·간간정정) 밝히고, ‘대만독립’ 분열 활동을 명백하게(淸淸楚楚·청청초초) 반대해야 한다”고 반복해서 강조했다.        중국 외교부는 “양국은 (뉴욕) 회담이 솔직하고 건설적이었으며 중요했다고 여겼다”며 “소통을 계속 유지하기로 동의했다”고 알렸다. 대만 문제를 둘러싼 충돌에도 불구하고 소통의 필요성에 의견 일치를 봤다고 강조한 셈이다.      이번 뉴욕 미·중 외교장관 회담은 90분간 계속됐다고 로이터는 보도했다. 지난 7월 7일 인도네시아 발리에서 열린 주요 20개국(G20) 외교장관회담 당시 가졌던 5시간 회담 이후 첫 만남이다. 회담의 핵심 의제는 대만 문제였다.        관영 신화사 산하의 SNS ‘뉴탄친(牛彈琴)’은 24일 “미·중 태도가 적어도 한 가지, 현재가 곤란한 시기이며 모두 현재 상태를 바꿔야 한다는 데에 일치했다”며 “미국은 ‘신냉전’을 추구하지 않고, 하나의 중국 정책에 변화가 없고, ‘대만독립’을 지지하지 않는다고 거듭 밝혔다”고 주장했다.      이번 뉴욕 회담을 통해 오는 11월 미·중 정상 간 대면 회담의 가능성이 높아졌다는 지적도 나왔다. 리밍장(李明江) 싱가포르 남양공대 교수는 “이번 회담으로 미·중 고위층 간 소통이 긴장된 정세 속에서도 끊임이 없음을 보여주면서 오는 11월 양국 정상간 대면 회담의 가능성이 비교적 커졌다”고 25일 싱가포르 연합조보에 밝혔다. 우신보(吳心伯) 푸단대 미국연구센터 주임은 “이번 다자 회담이 미·중에게 교류 회복의 기회를 제공했다”며 “하지만 양국 관계가 회복될 지 여부는 추가 관찰이 필요하다”고 판단을 유보했다.          왕이 중국 국무위원 겸 외교부장이 24일 77회 유엔 총회에서 연설하고 있다. 로이터=연합뉴스     ━   왕이 “中, 우크라이나 평화 해결 노력 지지”      왕이 부장은 24일(현지시간) 유엔 총회 연설에서도 대만에 대한 중국의 분명한 입장을 강조했다. 그는 “국가가 완전한 통일을 실현해야만 대만해협에 진정으로 오랜 평화를 맞이할 수 있다”며 “중국 내정을 간섭하려는 그 어떤 시도 모두 중국 인민의 일치된 반대에 직면할 것으며 중국의 통일 대업을 막으려는 어떤 행동 모두 반드시 역사의 수레바퀴에 깔아뭉개질 것”이라고 경고했다.       우크라이나 문제에 대해 왕 부장은 대화와 균형을 강조했다. 그는 “중국은 우크라이나 위기를 평화적으로 해결하는데 유리한 모든 노력을 지지한다”며 “가장 급한 일은 평화와 대화를 촉진하고, 근본을 해결하는 대책은 각 측의 합리적인 안보 우려를 고려하고, 균형되고 효과적이며 지속 가능한 안보 틀을 만드는 것”이라고 촉구했다. 또 “중국은 각 측이 위기의 외부 유출 효과를 억제하고, 개발도상국의 정당한 권익을 수호할 것을 호소한다”고 강조했다. 왕 부장의 발언은 러시아와 우크라이나 양국 사이에서 기계적 균형을 강조하면서 우크라이나 사태가 임박한 중국의 당 대회 등 정치 일정에 악영향을 끼치는 것을 막으려는 의도로 풀이된다.            지난 16일 블라디미르 푸틴(왼쪽) 러시아 대통령이 시진핑(오른쪽) 중국 국가주석에게 우즈베키스탄 사마르칸드에서 열린 상하이협력기구(SCO) 정상회담 도중 말을 건네고 있다. AP=연합뉴스     ━   푸틴 전 고문 “푸틴 결정에 시진핑 영향받아”      한편, 최근 블라디미르 푸틴 러시아 대통령이 동원령을 선포하고 핵무기를 언급한 배후에 시진핑(習近平) 중국 국가주석의 영향력이 있었다는 보도가 나왔다. 24일 도이체벨레(DW) 중문판은 안드레이 일라리오노프 전 푸틴 러시아 대통령 정책고문 인터뷰를 싣고 푸틴 대통령의 최근 우크라이나 정책 전환을 촉발한 요인이 우크라이나의 반격이 아닌 시진핑 주석이 우크라이나 전쟁을 가능한 빨리 끝내라는 권유였을 수 있다고 보도했다.       일라리오노프는 “21일 푸틴의 연설에 담긴 동원령, ‘국민투표’, 핵무기 위협은 모두 19일부터 21일까지 사흘 동안 발표됐다”며 “이는 9월 17일과 18일, 적어도 그보다 하루 이틀 전에 이러한 결정을 내렸다는 것을 의미한다. 사마르칸드에서 열린 상하이협력기구(SCO) 정상회담이 열린 시점과 일치한다”고 말했다.     시 주석이 푸틴 대통령에게 했을 발언에 대해 일라리오노프는 “알 수 없다”면서 “하지만 일부 유출된 정보와 바디랭귀지를 볼 때, 시 주석은 파트너에게 가능한 한 빨리 우크라이나 일을 끝내라고 건의했고, 예를 들어 10월 중국공산당 20차 당 대회 직전이며 러시아의 패배는 아닐 것”이라고 말했다. 또 “러시아는 7개월의 전쟁에서 승리를 거두지 못했고, 이것이 시 주석을 당혹스럽게 만들었으며, 그의 일생 중 가장 중요한 일에서 연약함을 드러내게 하였다. 하지만 시 주석은 자신이 약하게 보이는 것을 용납할 수 없다”고 말했다.           지난 7일 폴란드 카르파츠에서 열린 한 경제 포럼에 참석한 안드레이 일라리오노프 전 푸틴 대통령 고문이 가 대화하고 있다. 사진=트위터 캡처           일라리오노프는 DW 인터뷰에서 “푸틴은 조만간 패배할 것이지만 언제일지 대가가 무엇일지 알 수 없을 뿐”이라고 덧붙였다. 일라리오노프는 지난 2000년부터 2005년까지 러시아 대통령의 고위 정책 고문을 역임했다. 2010년 ‘반(反)푸틴 선언’에 참여했으며, 지난 2021년 4월부터 워싱턴의 싱크탱크 안보정책센터(Center for Security Policy) 시니어연구원으로 일하고 있다. DW는 인터뷰는 전문가 개인의 입장이라고 강조했다.",https://n.news.naver.com/mnews/article/025/0003226151?sid=104
"김돈곤 청양군수 ""인구 5만 자족도시 기반 마련할 것""",2022-09-25 15:04:03,더팩트,"""민선 7기에 찾아낸 금맥이 비봉면 신규 일반산단 조성""    김돈곤 청양군수가 청양 군민의날에서 민선8기에 인구5만의 자족 도시를 만들어겠다고 말하고 있다./청양군청 제공충남 청양군 긴돈곤 군수는 ""민선8기에 인구 5만 자족도시 기반을 마련하겠다""고 밝혔다.김 군수는 전날 열린 군민의날 기념사에서 ""현실을 넘어서 비전으로 인구 감소와 지역소멸 위기를 극복하겠다""며 이 같이 말했다.이어 ""현실이라는 울타리에 비전을 맞추면 설사 100%를 이룬다해도 그 울타리를 벗어날 수 없다""며 ""현실의 벽을 깨트려 인구 3만에서 4만, 4만에서 5만으로 갈 수 있다""고 강조했다.그는 ""남양에 구봉광산이 있고 장평에 중석광산이 있을 당시 우리 군민 수는 12만이었다""며 ""일자리가 있고 먹고 살아갈 길이 있어서 사람들이 청양으로 몰렸다""고 말했다.남양면 구룡리 소재 구봉광산은 전국 최대 금광으로 1911년부터 1970년까지 운영됐으며, 장평면 화산리 소재 중석광산은 1915년경 개발돼 1993년 폐광될 때까지 전국 3위 생산량을 자랑했다.김 군수는 ""지금 그 광산을 되살릴 수는 없으니 새로운 금맥, 새로운 광맥을 찾아내야 한다""며 ""군은 일반산단에 수소특화단지를 추진할 예정이다. 이곳에 기업이 입주하면 생산 유발 6243억 원, 부가가치 유발 2591억 원, 고용 유발 2706명, 취업 유발 3531명 등의 효과가 있을 것으로 내다봤다.발로 뛰는 더팩트는 24시간 여러분의 제보를 기다립니다.▶카카오톡: '더팩트제보' 검색▶이메일: jebo@tf.co.kr▶뉴스 홈페이지: http://talk.tf.co.kr/bbs/report/write",https://n.news.naver.com/mnews/article/629/0000174522?sid=102
"청양군 4-H, 화합 한마당 대회 개최",2022-09-26 17:42:40,대전일보,"한 발 더 뛰고 땀 한 방울 더 흘리겠다    청양군 4-H 연합회(회장 신기민)가 지난 23일과 24일 남양면 소재 숭의청소년수련원에서 지역농업의 미래를 위한 화합 한마당 대회를 열고 역량 강화와 신기술 확산 의지를 다졌다.사진=청양군 4-H연합회 제공[청양]청양군 4-H 연합회(회장 신기민)가 지난 23일과 24일 남양면 소재 숭의청소년수련원에서 지역농업의 미래를 위한 화합 한마당 대회를 열고 역량 강화와 신기술 확산 의지를 다졌다. 김평수 청양군 4-H 본부 회장은 ""4-H 연합회원이 청양농업의 당당한 주역이자 미래세대를 선도할 인재로서 변화와 도전에 맞서 충분한 잠재력을 발휘해 달라""고 당부했다. 신기민 연합회장은 ""4-H 본부 선배님들의 큰 사랑과 관심 속에서 4-H 연합회가 성장할 수 있었다"" 며 ""농업과 농촌, 농민을 위해 한 발 더 뛰고 땀 한 방울 더 흘리겠다""고 다짐했다. 76년 역사를 가진 4-H는 지·덕·노·체 이념을 생활화하고 농심을 배양하며 농업발전을 도모하는 학습단체다. 청양 4-H는 홀몸노인을 위한 청국장 나눔 등 다양한 봉사활동과 학생 장학금 전달 등 지역 활성화 사업에도 적극적으로 참여하고 있다.",https://n.news.naver.com/mnews/article/656/0000027519?sid=102
"남양유업, 배달 이유식 브랜드 '케어비' 최대 64% 할인",2022-09-26 10:17:53,뉴스1,"신규 회원 식단 전 제품 50% 할인 단품 구매도 최대 1만원 장바구니 쿠폰    (남양유업 제공)(서울=뉴스1) 박우영 기자 = 남양유업은 다음 달 10일까지 영양 맞춤 배달 이유식 브랜드 케어비(CareB)에서 '케어비 이유식 미식대첩' 프로모션을 진행한다고 26일 밝혔다. 케어비는 4~15개월 아이들을 위한 이유식 식단과 완료기 이후 아이를 위한 아기 반찬 등 총 500가지 메뉴를 선보이고 있다. 케어비가 한국영양학회와 공동개발한 월령별 세분화된 7단계 식단 설계는 균형 잡힌 식단을 제공해 아이가 골고루 잘 먹도록 도움을 준다. 케어비는 다음 달 10일까지 초기 이유식 기준 최대 64% 할인을 진행하며, 신규 회원의 경우 식단 전 제품 50% 할인 혜택을 제공한다. 단품 구매 회원도 최대 1만원 장바구니 쿠폰 혜택을 받을 수 있다.또 100% 경품 증정 응모 이벤트도 진행한다. 14세트 이상 첫 주문과 배송일 설정을 마친 응모 고객에게는 레이첼바커 이유식 용기를 100% 제공하며 재주문 고객에게는 케어비몰에서 현금처럼 사용 가능한 7000포인트를 지급한다.남양유업 관계자는 ""입맛 없는 아이들이 맛있게 이유식을 먹을 수 있도록 케어비가 다양한 레시피를 준비했다""며 ""앞으로도 케어비를 사랑해 주시는 고객 여러분의 성원에 보답할 수 있는 다양한 프로모션을 기획하겠다""고 말했다.",https://n.news.naver.com/mnews/article/421/0006355173?sid=101
"법원, 대리점에 상생협약 불이행한 남양유업에 “1억4400만원 배상하라”",2022-09-26 09:34:01,문화일보,"법원이 대리점주협의회와 체결한 상생협약을 지키지 않은 남양유업에 피해 보상을 명령했다. 오너 일가와 사모펀드(PEF) 운용사 간 경영권 분쟁이 계속되는 상황에서 상생협약도 제대로 이행하지 않고 있다는 판결까지 나오면서 남양유업의 기업 이미지가 단시간에 회복되긴 어려울 것으로 전망된다.26일 법조계에 따르면 서울중앙지법 민사합의16부(부장 문성관)는 남양유업 전 대리점주 A 씨가 남양유업을 대상으로 “2억 원을 지급하라”는 취지로 낸 손해배상 청구 소송에서 남양유업이 A 씨에게 1억4400만 원을 지급하라는 원고 일부 승소 판결을 내렸다. A 씨는 2009년 11월 남양유업과 대리점 계약을 체결하고 고양시 일산동구에 대리점을 내 운영해 오다 2012년 계약을 해지 당했다.A 씨의 계약 해지는 남양유업의 ‘구입 강제’에서 비롯됐다. 구입 강제란 대리점주가 주문을 넣지 않았음에도 유통기한이 임박한 제품을 대리점에 제공한 다음 물품 대금 지급을 강요하고 교환 및 반품을 해주지 않는 불공정 행위다. 남양유업은 구입 강제에 따른 물품 대금 약 4050만 원을 A 씨에게 내라고 요구했지만, A 씨가 이를 거부하자 대리점 등록을 말소하고 다른 사람과 대리점 계약을 체결했다. 이후 A 씨를 포함한 대리점주 115명은 대리점협의회를 조직해 구입 강제 금지 및 이에 대한 피해보상을 협의하고, 2013년 7월 남양유업과 상생협약을 체결했다. 그러나 남양유업은 상생협약에 따라 A 씨의 영업권을 회복해줘야 함에도 이를 거절했다. A 씨는 중대한 결격 사유가 없다면 6년간 계약 기간을 보장해야 한다는 상생협약 제5조 제1항에 따라 6년간 대리점을 운영해서 벌어들일 수 있는 돈 등을 지급해야 한다고 소송을 제기했다. 재판부는 상생협약에 따라 A 씨의 영업권을 회복해줘야 한다고 판단했다. 재판부는 “상생협약 체결 당시에는 A 씨의 영업권 회복을 전제로 하고선 정작 소송이 제기되자 남양유업 측이 이를 인정하지 않고 있다”라면서 “남양유업이 상생협약을 체결하고서도 진정 손해배상을 할 의사가 있었는지 강한 의심이 든다”라고 꼬집었다.한편, 한앤컴퍼니(한앤코)는 남양유업 지분을 두고 홍원식 남양유업 회장 일가와 1년여 간 법정 다툼을 벌인 끝에 1심에서 승소했다. 홍 회장 일가는 지난해 5월 일가가 보유한 남양유업 지분 53.08%를 한앤코에 약 3107억 원에 매각하는 주식매매계약을 체결했지만, 같은 해 9월 매매계약 해지를 통보했다. 1심 재판부는 한앤코의 손을 들어줬지만, 홍 회장 일가가 항소할 의사를 비치면서 법정 다툼은 장기화할 전망이다.",https://n.news.naver.com/mnews/article/021/0002532780?sid=102
‘남양유업 갑질 사태’ 피해 대리점…법원 “1억4000만원 배상하라”,2022-09-26 09:27:02,헤럴드경제,"남양유업, 2013년 대리점에 물건 강매 갑질 사태상생협약 체결에도 영업권 회복 못한 전직 대리점주법원, 1억 4000만원 배상 판결    [연합][헤럴드경제=유동현 기자] 법원이 남양유업의 2013년 ‘대리점 물건 강매’ 사태로 대리점 계약이 말소된 전직 대리점주에게 1억4000만원 배상을 인정했다.서울중앙지법 민사16부(부장 문성관)는 A씨가 남양유업을 상대로 낸 손해배상 소송에서 원고 일부 승소 판결했다고 26일 밝혔다. 남양유업은 A씨에게 1억 4400여만원을 지급하라고 판결했다.A씨는 2009년 11월 남양유업이 생산하는 우유 등 유제품을 납품받아 거래처에 판매하는 대리점 계약을 체결했다. 남양유업은 대리점에서 주문하지 않았어도, 유통기한이 임박한 유제품 등을 공급하고 대리금을 결제하는 강매를 일삼은 것으로 조사됐다. 불량품을 제외하고는 반품, 교환해주지 않아 A씨를 포함한 대리점주들과 갈등이 컸고, 2013년 공정거래위원회는 남양유업에 과징금 124억원을 부과했다.이후 남양유업은 A씨에게 2012년도 외상매출금 4049만원을 지급할 것을 요청했고, A씨가 지급하지 않자 대리점 등록을 말소했다. 같은 방식으로 피해를 입은 대리점 업주 115명은 구입강제 금지 및 피해 보상에 관한 상생협약을 체결했다. 상생협약에는 ▷대리점계약 최대 3년 범위 내로 보장, 결격사유가 없을 시 3년 연장 ▷피해 대리점주의 영업권 회복 ▷보증보험회사 채무 변제 위한 1000만원 지급 등이 포함됐다. A씨는 2019년 대리점 계약 체결을 요청했으나, 남양유업이 이행하지 않아 소송을 냈다.남양유업은 A씨가 현직 대리점주가 아니며, 2012년 A씨와 계약 종료 후 신규 대리점이 입점해 영업을 하고 있어 영업권 회복 대상이 아니라고 주장했다.재판부는 “A씨가 영업권 회복 대상 대리점주에 포함된다고 봄이 타당하다”고 판단했다. 상생협약 당시 남양유업이 영업권 회복 대상으로 지정한 명단에 A씨가 없었지만, 6명을 추후 지정하기로 했고 구상금 채무 변제 목록에 A씨가 포함된 점을 감안했다.신규대리점이 입점했으나 A씨 점포와 위치가 동일하지 않고, 남양유업 측이 중첩되지 않는 범위 내에서 대리점을 개설해줄 수 있다고도 판단했다. 재판부는 “남양유업의 태도를 보면 피고가 원고에 대해 진정으로 손해배상 의지가 있었는지 강한 의문이 든다”고도 지적했다.A씨가 남양유업에 지급했던 1000만원 상당 임대차보증금을 회수 못했다고 주장한 부분에 대해선 이를 인정할만한 증거가 없다고 판단했다.",https://n.news.naver.com/mnews/article/016/0002044957?sid=102
[fn마켓워치]부산 국제빌딩 매각 속도 '잰걸음',2022-09-26 09:06:04,파이낸셜뉴스,"티저레터 발송..10월 중 입찰준주거지역..주거·상업 개발시 높은 개발이익 기대      [파이낸셜뉴스] 부산 연제구 랜드마크 빌딩인 국제빌딩(부산시 연제구 중앙대로 1217)이 매각에 속도를 내고 있다. KB부동산신탁 입장에선 2년 여만에 엑시트(회수)다. 부산 지하철 1호선 교대역과 연결돼 접근성이 우수한 것으로 평가되는 자산이다. 준주거지역으로서 주거 또는 상업용도로 개발 시 높은 개발이익이 기대된다.   26일 투자은행(IB) 업계에 따르면 KB부동산신탁이 운용하는 리츠(케이비부동산오피스제1호위탁관리부동산투자회사)와 국제빌딩 매각자문사 EY한영, NAI프라퍼트리는 최근 잠재 원매자들에게 티저레터(투자안내문)를 발송했다. 10월 중 입찰을 진행할 예정이다.   국제빌딩은 국제신문 등이 오랫동안 입주해 랜드마크로 평가되는 자산이다. 롯데카드, 롯데손해보험, 서울보증보험, 삼성화재, 메트라이프, 신한카드, 부산은행 등 우량 임차인이 입주해 있다. 임대조건 개선 및 비 활용 면적 개선시 추가 임대수익 발생이 기대된다.   대지면적 5596㎡, 연면적 5만6293.45㎡로 지하 5층~지상 26층 규모다. 건폐율 55.76%, 용적률 718.97%다. 1994년 12월 준공됐다.   부산고등법원 및 검찰청과 부산시청 등 주요 공공기관이 위치해 업무편의성은 물론 지역 핵심 상권인 동래역과도 인접해 있다. 부산을 관통하는 8차선 중앙대로에 위치해 있다. 2024년 만덕-센텀 대심도 도시고속화도로(내부순환도시고속화도로) 개통시 교통 수혜도 예상된다.   2013년 이전에는 롯데그룹 계열사가 공동으로 소유했다. 롯데케미칼 40%, 롯데제과 27%, 호텔롯데 20%, 롯데칠성음료 7%, 롯데쇼핑 6% 순이다.   2013년 롯데케미칼이 그룹 계열사 지분을 사들였다. 거래규모는 363억원이다. 2019년 롯데케미칼은 국제빌딩 매각주관사에 롯데자산개발, 에스원을 선정해 2020년 2월 KB부동산신탁이 설립한 리츠에 매각했다. 거래규모는 610억원이다.인수금융으론 우리은행 235억원(이자율 연 3.15%), 키움예스저축은행 28억원(연 5%) 규모로 참여했다.   케이비부산오피스제1호의 주주로는 국민은행(70.95%), 에스원(9.84%), 아이비에스인더스트리(5.91%), KB증권신탁(5.13%), KB부동산신탁(3.94%), 남양저축은행(3.94%) 등이 있다.",https://n.news.naver.com/mnews/article/014/0004903984?sid=101
"정명근 시장 ""시민 속으로 한 걸음 더"" 현안 사업 설명회 개최",2022-09-27 23:23:02,오마이뉴스,"화성시, 10월 5~13일 4개 권역별로 '시민 주요 관심사업 설명회' 진행            ▲  정명근 화성시장이 27일 화성시청 대회의실에서 열린 시정브리핑에서 인사말을 하고 있다.             ⓒ 화성시   화성시(시장 정명근)가 오는 10월 5일부터 13일까지 시민들을 대상으로 주요 관심사업에 대한 설명회를 개최한다.화성시는 27일 화성시청 대회의실에서 시정브리핑을 열고 화성시 4개 권역별 현안사업 추진 현황, 예산 등을 시민들에게 객관적으로 정확하게 전달하기 위해 '주요 관심사업 설명회'를 개최한다고 밝혔다.설명회는 권역별 주민대표들에게 사업담당 공무원의 설명과 질의응답 형식으로 진행되며 △ 10월 5일 서부권역(남양읍행정복지센터) △ 7일 동탄권역(동탄출장소) △ 12일 남부권역(화성종합경기타운) △ 13일 동부권역(화성시근로자종합복지관) 순으로 개최된다.정명근 화성시장이 직접 참석하는 이번 설명회는 행정과 시민 간 정보 격차를 해소하고, 시민들의 정책 이해도를 높이는 계기가 될 것으로 기대된다.                  ▲  화성시는 27일 화성시청 대회의실에서 '민선 8기' 첫 시정브리핑을 개최했다.              ⓒ 화성시   화성시는 ""화성시 주요 관심사업 운영에 관한 전반적인 설명 및 주민들의 의견을 수렴해 시민의 삶을 바꾸는 희망 화성을 구현하고자 한다""며 ""권역별 기관.단체 대표, 지역원로, 일반 주민 등 각계 계층에 정확한 정보제공을 통해 행정의 신뢰성 제고 및 주민 만족도 향상 효과를 얻을 수 있을 것""이라고 설명했다.정명근 시장은 ""그동안 시민들이 우리 시가 추진하고 있는 여러 정책의 내용들을 쉽게 알기가 어려웠기에, 이번 설명회를 통해 시민 속으로 한 걸음 더 다가가 정확한 정보를 알려드리고자 한다""며 ""시민들께서 많은 관심을 두고 있는 현안사업에 대해 최선의 결과를 이뤄낼 수 있도록 노력하겠다""고 말했다.",https://n.news.naver.com/mnews/article/047/0002367478?sid=100
"금속노조 17개 사업장 7289명, 불법파견 소송 진행중",2022-09-27 16:39:01,오마이뉴스,"금속노조, 불법파견-손배가압류 소탕단 전국 순회 투쟁... 통영, 거제, 창원, 울산 등            ▲  전국금속노동조합이 ‘불법파견?손배가압류 소탕단’은 9월 27일 오후 통영고용노동지청 앞에서 출범식을 열었다.            ⓒ 금속노조   노동자들이 불법파견과 손해배상·가압류를 없애기 위해 전국 순회 투쟁에 나섰다. 전국금속노동조합은 '불법파견·손배가압류 소탕단'을 조직해 27일부터 전국순회 투쟁에 돌입했다. 금속노조 소탕단은 27일 오후 통영고용노동지청 앞에서 출범식을 가졌다. 이들은 9월 27일부터 30일, 10월 4일부터 7일까지 전국 주요 투쟁 현장을 돈다. 금속노조는 ""노란봉투가 화제이다. 노동자가 헌법이 보장한 권리인 단체행동권을 행사해도 민법을 들고나와 개인의 인생을 참혹하게 망가트리고 노동조합을 파괴하는 손해배상·가압류가 무한으로 자유로운 한국의 현실을 이제는 바꿔야 한다는 목소리가 날이 갈수록 커진다""고 비판했다. 이어 ""간접고용·사내하청·비정규직 노동자와 손배가압류의 고통을 지금도 겪고 있는 노동자, 투쟁 사업장의 노동자가 모여 소탕단이라는 이름으로 전국의 현장을 돌며 노동자와 시민에게 노란봉투법 제정, 노조법 2조·3조 개정의 필요성과 시급함을 알린다""고 설명했다. 금속노조는 ""자본은 지난 20년 동안 사내하청, 간접고용이라는 이름을 붙인 '위장하도급'으로 불법파견 범죄행위를 저질러 왔다""며 ""불법파견 범죄행위를 수단으로 정규직으로 채용했으면 지급해야 할 임금-노동조건의 절반에도 미치지 못하는 신분적 차별행위를 통해 천문학적인 이윤을 챙겨왔다""고 주장했다. 이들은 ""한국 제조업을 대표하는 현대자동차그룹은 완성차 공장에서 1만명, 제철에서 1만명, 판매에서 1만명, 계열 부품사에서 1만 명 등 대규모로 사내하청, 간접고용노동자를 사용해왔다""고 설명했다. 이어 ""1년에 연봉 3000만 원씩만 절감한다고 했을 때 1년이면 1조 2000억, 10년이면 12조에 달한다. 강남에 10조 원짜리 땅을 사들여 쌓아 올리고 있는 초고층 빌딩은 비정규직 노동착취의 결과물이다""고 덧붙였다. 반면 비정규직은 더 힘들다. 금속노조는 ""간접고용 비정규직 노동자들은 신분차별 뿐만 아니라 원청은 뒤로 숨은 채 기획적으로 이뤄지는 하청업체의 재계약거부, 폐업에 의해 마치 일회용품처럼 아무 때나 쓰다 버려도 되는 상시적인 고용불안에 시달려야 했다""고 설명했다. 이들은 ""산업안전 비용보다 싸게 먹히는 위험의 외주화로 인해 죽음의 노동으로 내몰렸다""며 ""내 운명을 스스로 개척해 나가고자 헌법에 보장된 노동3권을 행사하면 노동탄압의 공식처럼 업체폐업에 의한 해고, 원청의 고소로 인한 구속, 손배가압류의 족쇄가 채워졌다""고 주장했다.                  ▲  전국금속노동조합이 ‘불법파견?손배가압류 소탕단’은 9월 27일 오후 통영고용노동지청 앞에서 출범식을 열었다.            ⓒ 금속노조   금속노조는 ""자본은 20년 넘게 지속해오고 있는 불법파견 범죄행위에 대해 사죄하고, 근본적 대책마련을 위한 직접교섭에 나와라""고 외치고 있다. 현대자동차, 기아자동차, 현대자동차 남양연구소, 한국지엠, 아사히글라스, 현대제철, 포스코, 금호타이어, 현대위아는 잇단 법원판결과 고용노동부 시정명령에 의해 불법파견이 확인된 사업장이라고 금속노조가 밝혔다. 금속노조 소속 사업장에서 원청을 상대로 근로자지위확인소송(불법파견 소송)을 낸 비정규직은 17개 사업장에 7289명에 이른다. 또 고용노동부가 시정명령을 하거나 검찰이 기소한 사업장은 10개 사업장에 7391명이다. 금속노조는 ""불법파견 범죄집단들에게 법원판결 이행과 고용노동부 시정명령 이행을 기준으로 한 종합적 대책마련을 촉구하며, 이를 위한 직접교섭 테이블 마련을 위해 끝까지 투쟁해 나갈 것""이라고 밝혔다. 고용노동부에 대해 금속노조는 ""20년 넘게 방치되고 있는 불법파견 범죄행위에 대한 신속한 조사와 엄중처벌에 나서라"", ""조합원에 대한 보복적 고용승계 거부, 보복적 해고 처벌하고, 해고자 복직합의 이행 책임져라"", ""사용자 범위확대를 위한 노조법 2조 개정에 나서라""고 촉구했다. 또 ""대법원은 불법파견 판결지연을 통한 범죄옹호 중단하고 조속하게 판결하라"", ""국회는 원청의 사용자책임을 위한 노조법 2조 개정에 나서라""고 요구하고 있다. 금속노조 소탕단은 ""우리 요구가 관철될 때까지 '비정규직 없는 세상'을 꿈꾸며 굽힘 없이 투쟁해 나갈 것""이라고 했다. 소탕단은 27일 오후 출범식에 이어 통영시내 거리행진을 했고, 저녁에는 대우조선해양 앞 퇴근 선전전에 이어 ""대우조선해양 하청노동자파업은 정당하다. 500억원 손배가압류 철회하라""는 제목으로 투쟁문화제를 연다. 이들은 28일 창원에서 성동조선해양 노동자들의 선전전에 결합하고, 이날 낮 12시 한국지엠 창원공장 앞에서 ""20년 불법파견 해결, 복직합의 이행 촉구 결의대회""를 열며, 아사히 비정규직지회 천막농성장 앞에서 투쟁문화제를 연다. 이어 소탕단은 29일과 30일 울산에서 여러 투쟁을 벌인다. 또 이들은 10월 4일과 5일 인천과 부평 등지에서 투쟁한 뒤 6일과 7일에는 국회, 대법원 앞에서 관련 활동을 벌인다.",https://n.news.naver.com/mnews/article/047/0002367443?sid=102
"[경북24시] 이철우 지사 ""태풍 피해 극복 위해 국회 협조 절실""",2022-09-27 16:36:01,시사저널,"파력발전 후보지로 경북 동해안 3곳 선정경북도, 경북형 메타버스 사업에 시·군 지원 강화    이철우 경북도지사가 9월27일 여의도 전경련회관에서 열린 ‘국민의힘-경북도 예산정책협의회’에서 임이자 의원(상주·문경)과 대화하고 있다. ⓒ경북도내년도 정부 예산안에 대한 국회 예산심사가 내달 예고된 가운데 국비 확보 등을 위한 이철우 경북도지사의 발걸음도 빨라졌다.경북도는 27일 지역 국회의원들과 여의도 정경련회관에서 '국민의힘-경북도 예산정책협의회'를 열고 내년도 예산사업과 주요 현안 등을 논의했다.이 지사는 이 자리에서 지난 태풍 힌남노 피해를 입은 포항·경주 등 지역주민들의 완전한 피해 극복을 위해 힘을 모아 줄 것을 요청했다. 이 지사는 이를 위해 재해구호법 및 의연금품 관리·운영 규정 개정과 재해복구사업 환경영향평가 제도완화, 국가 기간산업인 포항철강단지 정상화를 위한 '산업위기 선제대응지역' 지정에 대해 당 차원의 관심과 지원을 건의했다.이 지사는 또한 완전한 지방시대를 열기 위한 정책현안과 제도개선 과제 등에 대해서도 국회차원의 입법적 해결을 요청했다. 이를 위해 이 지사와 지역 의원들은 특히 헴프산업화를 위한 마약류 관리법 개정과 외국인 광역비자제도, 지역별 차등전기요금제와 같은 지역산업 육성과 지방소멸 극복을 위한 법제도 개선과제 등에 대해 집중 논의했다.특히 이날 참석자들은 고향사랑기부제와 농산어촌 대전환, 원자력 기반 세계 최고수준 청정에너지 벨트, 구미 반도체 특화단지 지정, 호미반도 국가해양정원 예타통과 건의 등 지방시대 개막을 위한 정책사업에 대한 공감대도 나눴다.경북도는 올해 처음으로 국비 10조원 시대(10조175억원)를 열었다. 경북도는 내년도 국비예산을 올해보다 9825억원(9,8%) 늘어난 11조원을 목표로 하고 있다.이 지사는 ""태풍으로 포스코가 물에 잠기는 등 유례없는 피해가 발생했고, 피해를 완전히 극복하지 못하면 포항·경주지역의 경제가 무너질 수도 있다""면서 ""지금이 그 어느 때보다 지역 국회의원들의 힘이 절실히 필요한 시기로 지방시대와 완전한 태풍피해 극복을 위해 국회차원에서 노력해 달라""고 당부했다.◇ 파력발전 후보지로 경북 동해안 3곳 선정국내에서 아직 실증단계에 있는 파력발전의 적합지로 경북 동해안 3곳이 선정됐다. 파력발전은 파도의 움직임으로 전기를 생산하는 발전방식이다경북도는 27일 동부청사 대회의실에서 '경북 동해안 파력발전 기획연구 용역' 최종보고회를 통해 이같은 사실을 파악했다. 용역결과 경북 동해안 내 파력발전 적합지로는 울릉 태하포구(지방어항)와 울릉 현포항·남양항(국가어항), 포항 영일만항(무역항) 등 3곳인 것으로 나타났다.파력발전은 미국과 영국 등 EU 일부 국가만 기술을 확보하고 있다. 국내에서는 해양수산부 주관으로 제주도(추자도)에서 파력발전 실증시험이 이뤄지고 있다. 경북도는 파력발전이 태양광이나 풍력에 비해 날씨에 큰 영향을 받지 않고 24시간 작동할 수 있는 것이 장점인 것을 파악하고 있다.이경곤 동해안전략산업국장은 ""이번 용역은 경북의 파력발전장치 설치 후보지에 관한 입지 여건을 조사·분석하고, 향후 파력발전과 정부의 신재생에너지 기반 확보를 위한 기본계획 수립·타당성조사를 위해 추진했다""면서 ""이번 용역 결과 경북 동해안은 파랑조건이 우수한 것으로 나타나 실증시험을 통해 경제성이 입증되면 본격적으로 파력발전 친환경에너지를 공급할 수 있도록 정부와 협의해 나갈 계획"" 이라고 밝혔다.◇ 경북도, 경북형 메타버스 사업에 시·군 지원 강화경북도는 '메타버스 수도 경북 조성 사업' 동참을 위해  시·군과 얼라이언스 기업 등에 대한 지원을 강화한다.27일 경북도에 따르면, 경북도는 이를 위해 메타경북 얼라이언스 프로젝트그룹 지원 공모사업을 내달 24일까지 진행한다. 경북도는 이번 사업을 통해 기존 메타경북 얼라이언스 회원사와 시·군, 도내 기관 등으로 구성된 컨소시엄을 대상으로 메타버스 플랫폼·서비스 개발 지원에 나선다. 지원분야는 의료·정보화·문화관광·공공·산업융합·자유 등 총 6개 분야다. 경북도는 민·관 합동으로 경북 메타버스 핵심기술과 콘텐츠 개발을 선제적으로 대응하기 위해 메타 경북 얼라이언스 프로젝트그룹 운영 지원사업을 추진해 오고 있다. 이 사업에는 현재 160개 기업이 참여하고 있다. 경북도는 이날 도청 동락관 세미나실에서 시·군 담당공무원 등 70여 명이 참석한 가운데 '경북형 메타버스사업 시군 설명회'를 열었다. 이정우 메타버스정책관은 ""메타버스 수도 경북 조성을 위해서는 시·군과 얼라이언스 기업들의 적극적인 동참이 필요하다""면서 ""경북이 대한민국의 메타버스 산업생태계를 주도할 수 있도록 함께 나아가야 한다""고 강조했다.",https://n.news.naver.com/mnews/article/586/0000045433?sid=102
"이벤터스 커뮤니티…휴맥스이브이, 수원시 충전소 확대[중기소식]",2022-09-27 16:35:17,뉴시스,"[서울=뉴시스] 이벤터스 커뮤니티. (이미지=이벤터스 제공) 2022.09.27. photo@newsis.com[서울=뉴시스] 배민욱 기자 = 27일 중소기업계 소식.▲이벤트 테크 스타트업 이벤터스는 행사 기획자를 대상으로 하는 이벤터스 커뮤니티를 오픈했다. 이벤터스 커뮤니티는 행사를 기획하고 운영하는 실무자들이 다양한 정보를 공유하고 소통할 수 있도록 구성·운영된다. 업계 소식에 대한 다양한 정보 공유는 물론 행사 진행 과정에서 발생하는 고민도 도움 받을 수 있다.▲전기차 충전 서비스를 제공하는 휴맥스이브이가 2022년 지역별 무공해차 전환 브랜드사업(2차)에 선정됐다. 휴맥스이브이는 국비 21억원, 민간 42억원 등 총 63억원 규모의 예산을 확보해 12월까지 수원시에 전기차를 충전할 수 있는 100㎾급 충전기 71기, 7㎾급 충전기 563기를 구축한다.▲3D 프린팅 기업 폼랩의 한국지사인 폼랩코리아는 최근 서지컬 가이드 소재의 식품의약품안전처 인허가 획득 후 치과 전문 소프트웨어 개발 기업 쓰리디산업영상(3DII)과 국내 판매 협약을 체결했다. 폼랩과 3DII는 국내 주요 임플란트 제조사를 비롯해 디지털 솔루션 유통업체들에 솔루션을 공급할 계획이다.▲제주패스는 현대자동차와 함께 캐스퍼 렌터카 차량 할인 이벤트를 실시한다. 이번 할인 이벤트는 제주패스에서 캐스퍼를 예약한 고객 선착순 1000명에게 2만원의 할인 혜택을 제공하는 것이다. 이벤트에 참가한 고객은 미로 속에서 익사이팅 체험을 할 수 있는 다이나믹메이즈 동반자 1인 무료 혜택도 추가로 받을 수 있다. 할인 행사는 10월31일까지다.▲에이블리코퍼레이션이 운영하는 스타일 커머스 플랫폼 에이블리는 대형 테크 컨퍼런스에 후원사로 나서며 최고 수준의 개발 인력 확보에 집중한다. 에이블리는 10월1~2일 개최되는 '파이콘 한국 2022'와 10월8일 열리는 'FEconf 2022'에 후원사로 참여한다. 대표적인 개발자 컨퍼런스에 연이어 공식 후원사로 나서 에이블리의 기술력을 소개하고 지식 공유와 커뮤니티 활성화를 통해 개발 문화를 강화해나간다는 취지다.▲네이처슬립은 수면에 도움이 되는 '어싱 수면안대'를 출시했다. 어싱 수면안대는 접지 콘센트에 연결해 사용하는 G코드가 적용됐다. 몸의 정전기와 전자파를 땅으로 흘려보내는 어싱 기능이 있는 것이 주요 특징이다. G코드를 통한 어싱 기능은 스마트폰, 컴퓨터 등 각종 전자기기의 전자파로 인한 눈의 피로를 감소시켜 편안한 수면 환경을 조성한다.▲프로젝트슬립의 양털 담요가 큰 사이즈의 '사르르 이불'로 와디즈에서 펀딩을 진행한다. 이번 펀딩은 10월4일까지 와디즈 홈페이지에서 진행된다. 사르르 이불은 양털 담요의 큰 사이즈 이불을 원하는 소비자의 요청으로 제작됐다. 일반 솜이불보다 가볍지만 몸에 착 달라붙는 구조를 가지고 있어 안정감을 더해준다. ▲프롭테크 기업 동네는 미국 경제 매체 비즈니스 인사이더가 선정한 올해 가장 유망한 프롭테크 스타트업에 국내 기업 중 유일하게 선정됐다. 비즈니스 인사이더는 ""동네는 일부 지역의 경우 2년 임대계약으로 평균 60만 달러(약 8억3700만원)에 달하는 거액의 보증금을 내야 하는 전세 제도가 지배하고 있는 한국의 부동산 시장에 변화를 가져오겠다는 사명을 갖고 있다""며 ""전문가가 엄선한 프리미엄 아파트를 일반 주택 보증금 대비 평균 98% 이상 낮은 보증금으로 공급한다""고 설명했다. ▲장원교육은 초등 문해력 향상 학습 습관을 돕는 '장원 어휘나무' 학습지 샘플을 제공한다. 어휘나무는 총 2000여개의 초등 교과서 개념 어휘를 학습할 수 있는 프로그램이다. 어휘나무는 교과서의 주요 개념 어휘를 한자, 어휘도, 그림으로 학습할 수 있도록 구성했다. 자세한 내용은 장원교육 홈페이지에서 확인이 가능하다.     [서울=뉴시스] 휴맥스이브이 전기차 충전소 조감도. (조감도=휴맥스이브이 제공) 2022.09.27. photo@newsis.com▲대교 눈높이는 '눈높이 선생님 다큐멘터리' 영상을 제작했다. 영상은 20분 정도의 분량이다. 눈높이 선생님을 비롯해 회원과 학부모 등 구성원들이 출연해 눈높이의 소중함과 감사의 마음 등을 소개한다. ▲뷰티·패션·라이프스타일 휴먼IP(지식재산권) 브랜드 기업 아이스크리에이티브는 네이버 쇼핑라이브 서비스에 미용만화 작가 된다의 쌍방향 리뷰소통 쇼핑 채널 '된다의 산다, 뭐든!'을 출시했다. 첫 시작으로 컨템포러리 아트·뷰티 브랜드 V&A 뷰티의 라이브 커머스를 진행했다. '된다의 산다, 뭐든!'은 미용 만화작가 된다를 주인공으로 한 쇼핑 채널이다. 현실감 넘치고 솔직한 리뷰로 인기를 얻고 있는 된다의 특징을 담았다. '산다, 뭐든!'은 척하지 않고 본질에 집중한 쇼핑 라이브 채널을 표방하고 있다.▲웰니스 큐레이션 스타트업 가지랩은 김나이 커리어 액셀러레이터를 신임 최고전략책임자(CSO)로 선임했다. 김 CSO는 현대카드, 한국투자증권, J.P. 모건 등 금융권에서 경력을 쌓았다. 이후 산업·기업 최신 동향을 분석해 거시적인 시각에서 개인의 커리어 성장을 이끌어왔다. 가지랩은 '나다운 건강한 오늘을 보낼 수 있도록 한다'는 미션 하에 일상 맥락을 고려한 웰니스 큐레이션 알고리즘을 개발 중이다. ▲넛지헬스케어가 운영하는 B2B(기업간 거래) 플랫폼 팀워크는 한국뇌전증협회, 남양유업과 함께 진행한 '같이 걸을래?' 걷기 챌린지가 총 참가자 수 18만명, 누적 걸음 수 470억 보를 기록하며 첫 ESG(환경·사회·지배구조) 캠페인을 마무리했다. 이번 챌린지는 치매, 뇌졸중과 함께 3대 만성 신경계 질환에 해당하는 뇌전증에 대한 잘못된 정보를 바로잡고 사회적 편견을 개선하기 위해 마련됐다.▲한국짐보리 짐월드는 짐보리 창립 30주년 기념 '333 이벤트'를 연다. 짐보리 공식 인스타그램을 통해 10월13일까지 진행된다. 짐보리 창립 30주년 이벤트 게시물에 축하 메시지를 남긴 고객들이 대상이다. 추첨을 통해 선정된 333명을 위해 짐보리 프로그램 1학기 무료 이용권(3명), 짐보리 프로그램 30% 할인쿠폰(30명), 짐보리 프로그램 10% 할인쿠폰(300명) 등이 제공된다. ▲모바일 업무용 차량관리 서비스 '카택스'는 지난달 기준 2200여개에 달하는 신규 기업에게 서비스를 공급, 지난해 같은 기간 대비 600여개 고객사를 추가 유치하면서 약 140% 성장을 기록했다. 카택스는 2016년 서비스를 시작한 이래 누적 가입 기업 8만여개사에 서비스를 제공하게 됐다. ▲풀필먼트 연합체인 글로박스 유니온이 올해 9월 기준 누적 배송 2000만건을 넘어섰다. 지난해 같은 기간보다 150% 이상 증가한 것이다. 최근 1개월 기준으로는 월 배송 건수 300만개를 돌파하는 성장세를 보이고 있다.",https://n.news.naver.com/mnews/article/003/0011443399?sid=101
"""동해 거친 파도를 전기로"" 경북도, 파력발전 추진",2022-09-27 16:13:01,한국일보,"27일 연구용역 최종 보고회울릉 현포항 등 4곳 적합    파력발전장치 개요도. 경북도 제공경북도가 동해의 거친 파도에서 전기를 얻는 파력발전 추진에 나섰다.경북도는 27일 동부청사 대회의실에서 ‘경북 동해안 파력발전 기획연구용역 최종보고회’를 갖고 파력발전이 가능한 후보지 최종보고와 전문가 자문 및 토론회를 열었다고 밝혔다.파력발전은 높게 출렁이는 파도의 에너지를 이용해 발전기를 돌려 전기를 생산한다. 흔히 파도의 진행 방향에 경사면을 설치 한 뒤 경사면 위로 넘쳐 들어오는 바닷물을 아래로 떨어뜨려 하부 발전기를 돌려 에너지를 얻는다. 태양광과 풍력에 비해 날씨에 큰 영향을 받지 않고 24시간 작동할 수 있는 것이 큰 장점이다. 미국과 영국, EU 일부 국가만 기술을 확보했고, 국내서는 해양수산부 주관으로 제주 추자도에 실증시험이 이뤄지고 있다.한반도 인근 일부 수역은 파도로 연평균 약 80TWh의 에너지가 발생되는 것으로 추정된다. 이는 연간 국내 전기 소모량의 15%에 달한다.경북도에 따르면 이번 연구용역은 경북 동해안에 파력발전장치 설치 후보지의 입지여건을 조사하고 분석해 향후 파력발전에 기반한 신재생에너지원 기본계획 수립과 타당성조사를 위해 추진됐다. 최종보고회에는 울릉 태하포구·현포항·남양항, 포항 영일만항이 파력발전에 적합한 것으로 나왔다.경북도는 앞으로 동해안 파력발전 실증시험을 통해 경제성이 입증되면 사업 추진을 위해 정부와 본격적인 협의에 나설 방침이다.이경곤 경북도 동해안전략산업국장은 ""국내 파력발전 기술은 실증단계이며 경북 동해안은 파랑 조건이 우수한 것으로 나타났다""며 “향후 파력발전을 도입해 신재생에너지의 중심지가 될 수 있도록 노력하겠다”고 말했다.",https://n.news.naver.com/mnews/article/469/0000699089?sid=102
삼성전자 화성·기흥캠퍼스 직주근접 단지 '동탄 파크릭스' 눈길,2022-09-27 16:11:17,한국경제TV,"부동산 시장에서 삼성 등 국내 굴지의 대기업 투자가 집중된 지역의 경우 활발한 모습이 보이는 것으로 확인됐다. 해당 지역은 직주근접 수요가 탄탄하고, 지역경제 활성화 등 긍정적인 낙수효과가 이어지고 있기 때문으로 풀이된다.실제로 동탄2신도시에는 삼성전자 화성·기흥캠퍼스를 비롯해 현대자동차 남양연구소, 두산중공업, 한미약품 등 다수의 대기업 사업장이 위치해 있다. 소득 수준이 높은 젊은 수요층이 배후 수요를 탄탄히 받쳐주면서 최근 거래 절벽 속에도 거래가 활발하게 이뤄지고 있다. 한국부동산원 자료를 보면 올해(1월~7월) 동탄2신도시가 위치한 경기도 화성시의 아파트 매매거래량은 총 2,446건으로 경기도 31개 시·군 중 상위 5개 지역 안에 드는 것으로 나타났다.또 서울 접근성을 높이는 다수의 교통 호재도 예상돼 있어 지역의 가치가 더욱 높아질 전망이다. 우선, 수도권광역급행철도(GTX) A노선의 경우 수서~동탄 구간은 2023년, 파주~수서 구간은 2024년 완공될 계획이다. 이 중 수서~동탄 구간이 SRT 동탄역에 정차할 예정이어서 전체 구간(동탄~삼성~운정) 개통 시 서울 삼성역까지 약 19분대 도달할 수 있는 등 서울 강남 접근성이 더욱 개선될 예정이다.동탄도시철도 트램도 2027년 개통될 계획이다. 경기도청 자료를 보면 동탄도시철도는 수원 망포역~동탄역~오산역, 병점역~동탄역~차량기지 2개 구간에 걸쳐 트램을 도입하는 사업으로 분당선 망포역, 1호선 오산역, 병점역 등 주요 철도망의 환승역과 연계돼 수도권 지역으로의 접근성이 크게 개선될 예정이다. 또한 수도권 교통혼잡 해소를 위한 제4차 국가철도망 구축계획(안)에 분당선 연장(기흥~동탄~오산) 계획도 포함되어 교통여건은 더욱 개선될 예정이다.이러한 가운데 현대건설·계룡건설산업·동부건설·대보건설은 7월 경기도 화성시 동탄2신도시 신주거문화타운에 '동탄 파크릭스'를 분양할 예정이다. 단지는 총 4개 블록, 지하 2층~지상 20층, 44개 동, 전용면적 74~110㎡ 총 2,063세대로 조성된다. 이 중 A51-1블록, A51-2블록, A52블록 1,403세대를 1차로 분양할 예정이다.단지는 동탄물류단지와 쿠팡 동탄물류센터 등 대형 물류센터가 반경 2km 내에 위치해 있어 출퇴근이 편리하며 화성일반산업단지, 삼성전자 화성·기흥캠퍼스 등으로 쉽게 이동할 수 있다.동탄테크노밸리도 가깝다. 약 155만5831㎡ 규모의 산업클러스터인 동탄테크노밸리는 규모 면에서 판교테크노밸리의 약 3배, 광교테크노밸리의 약 6배 규모이다.반경 5km 내에 SRT 동탄역도 위치해 있다. 이 노선을 이용해 SRT 수서역까지 약 17분에 이동할 수 있어 서울 접근성이 우수하다. SRT 동탄역에 정차 예정인 GTX-A노선이 계획대로 2024년 개통되면 서울 강남 접근성은 더욱 개선될 전망이다.",https://n.news.naver.com/mnews/article/215/0001056550?sid=101
소비자원 “요구르트 제품별 당 함량 최대 3배 차이”,2022-09-27 12:34:01,조선비즈,"시중에 판매하는 요구르트의 제품별 당 함량이 최대 3배까지 차이 나는 것으로 조사됐다. 또 지방과 단백질 함량은 물론 가격 차이가 컸다.    13일 오전 서울 서초구 대형마트에서 한 고객이 유제품을 구매하고 있다. /뉴시스        26일 한국소비자원이 마시는 요구르트 14개와 떠먹는 요구르트 10개 제품을 조사해 발표한 결과에 따르면, 당 함량이 100g당 적게는 4g 많게는 12g이 들어 있었다.HY(한국야쿠르트)의 ‘그랜드’, 일동후디스의 ‘그릭요거트 플레인’ 제품의 100g당 당 함량은 12g(1일 섭취량의 24%)으로 조사 대상 중 가장 높았다. 풀무원다논 ‘그릭 플레인’도 11g으로 높은 편이었고, 매일유업 ‘바이오 PROBIOTIC 그릭요거트’는 4g으로 가장 낮았다.    /한국소비자원 제공        식품의약품안전처는 ‘나트륨·당류 저감 추진 방안’을 통해 제품 1개에 당류 30g 이상이 들어있는 제품을 한 번에 먹을 경우 당류 1일 섭취량(50g)의 60%를 초과하게 된다며 섭취량 조절을 권고하고 있다.지방과 단백질 함량도 차이가 컸다. 24개 제품의 100g당 지방 함량은 0.2g~4g으로 약 20배 차이가 났다. 단백질 함량 역시 1g~5.6g으로 차이가 났다. 그릭 요구르트는 제조 과정에서 농축돼 밀도가 높아진다는 점에서 마시는 요구르트에 비해 지방과 단백질 함량이 높았다.가격의 경우, 마시는 진한 요구르트(액상 농후발효유)는 100g당 가격이 582~1462원으로 최대 2.5배 차이가 났다. 100g당 가격이 가장 싼 제품은 남양유업의 ‘불가리스 플레인’이었으며, 가장 비싼 제품은 빙그레의 ‘닥터캡슐 프로텍트 플레인’이었다.마시는 요구르트(일반 액상 발효유)의 가격은 370~500원으로 최대 1.4배 차이가 나는 것으로 조사됐다. 그릭 요구르트는 822~1200원으로 최대 1.5배 가량 차이가 났다.한편 24개 제품 모두 유산균수(1mL당 1000만 CFU 이상) 기준을 충족했고, 대장균군이 검출되지 않아 안전성에는 문제가 없었다. 소비자원은 “제품 종류별 단백질‧지방 차이가 나기 때문에 영양정보를 확인하고 구매해야 한다”고 권고했다.",https://n.news.naver.com/mnews/article/366/0000843388?sid=101
"'그릭' 대세지만...요구르트 지방 1위, 일동후디스 그릭요거트 플레인",2022-09-27 12:01:03,SBS Biz,"시중에서 판매되는 요구르트 제품 간 당류나 지방 함량 차이가 큰 것으로 나타났습니다.한국소비자원은 소비자 선호도가 높은 요구르트 24개 제품을 조사한 결과 이 같이 나타났다고 오늘(27일) 밝혔습니다.지방의 경우 제품별로 100g당 0.2~4.0g으로 차이가 났습니다.일동후디스 그릭요거트 플레인의 지방 함량이 6g으로 가장 많았고, 에치와이 그랜드와 남양 요구르트, 빙그레 요구르트, 서울우유 요구르트 제로 등 4개 제품의 지방 함량은 0.2g으로 가장 적었습니다.특히, 그릭 요구르트는 마시는 요구르트에 비해 지방 함량이 20배 많은 것으로 나타났습니다.당류함량도 제품별로 최대 3배까지 차이가 있었습니다.에치와이 그랜드, 일동후디스 그릭요거트 플레인의 100g당 당류는 12g로 가장 높았고, 서울우유 요구르트 제로, 풀무원다논 그릭 플레인이 11g으로 뒤를 이었습니다.매일유업 바이오 프로바이오틱 그릭요거트는 100g당 4g으로 가장 낮았습니다.제품 1개에 당류가 30g 이상 들어있을 경우 한번에 섭취시 당류 1일 섭취량 50g의 절반을 초과할 수 있습니다. 한편, 마시는 요구르트(발효유) 제품의 유산균수는 1mL당 8300만~2억7000만 CFU, 농후발효유 제품은 4억9000만~19억 CFU 수준으로 전 제품이 관련 기준을 충족했습니다.식품의약품안전처 고시 상 발효유 유산균수 기준은 1mL당 1000만 CFU 이상, 농후발효유는 1mL당 1억 CFU 이상입니다.",https://n.news.naver.com/mnews/article/374/0000304217?sid=101
소비자원 “요구르트 제품별로 당 함량 최대 3배 차이나”,2022-09-27 12:01:05,조선일보,"요구르트 제품별로 당 함량이 최대 3배까지 차이나는 것으로 조사됐다. 지방·단백질 함량도 천차만별이고, 가격도 차이가 컸다.26일 한국소비자원이 선호도가 높은 요구르트 24개 제품을 조사한 결과, 당·지방·단백질 등 함량이 제품에 따라 큰 차이를 보였다. 소비자원은 마시는 요구르트 14개와 떠먹는 요구르트 10개에 대해 품질·안전성·가격 정보 등을 조사했다.당 함량은 제품 간 최대 3배까지 차이가 났다. 100g당 적게는 4g 많게는 12g이 들어 있었다. HY(한국야쿠르트)의 ‘그랜드’, 일동후디스의 ‘그릭요거트 플레인’ 제품의 100g당 당 함량이 12g(1일 섭취량의 24%)으로 높았다. 매일유업의 ‘바이오 프로바이오틱 그릭요거트’는 100g당 당 함량이 4g으로 낮았다.    18일 서울의 한 대형마트 유제품 판매대. /연합뉴스										지방과 단백질 함량도 차이가 컸다. 24개 제품의 100g당 지방 함량은 최소 0.2g, 최대 4g으로 약 20배 차이가 났다. 단백질 함량도 최소 1g에서 최대 5.6g으로 차이가 컸다. 제조 과정에서 농축돼 밀도가 높아진 그릭 요구르트는 마시는 요구르트에 비해 지방과 단백질 함량이 높은 편이었다.가격을 비교하면, 마시는 진한 요구르트(액상 농후발효유)는 100g당 가격이 582~1462원으로 최대 2.5배 차이가 났다. 마시는 진한 요구르트 중 100g당 가격이 가장 싼 제품은 남양유업의 ‘불가리스 플레인’이었다. 가장 비싼 제품은 빙그레의 ‘닥터캡슐 프로텍트 플레인’이었다. 마시는 요구르트(일반 액상 발효유)는 370~500원으로 최대 1.4배 차이를 보였고, 그릭 요구르트는 822~1200원으로 많게는 1.5배가량 차이가 났다.한편, 24개 제품 전부 유산균수(1mL당 1000만 CFU 이상) 기준을 충족했고, 대장균군이 검출되지 않는 등 안전성에는 문제가 없는 것으로 확인됐다.",https://n.news.naver.com/mnews/article/023/0003718459?sid=101
"현대제철, '미래 먹거리' 전기차용 고성능 소재 시장 적극 공략",2022-09-27 08:55:47,머니S,"현대제철이 전기차용 고성능 소재 시장을 공략한다. 사진은 현대제철 강판을 적용한 전기차 컨셉 바디. /사진=현대제철 제공 현대제철이 전기차 구동 모터에 적용되는 고성능 특수강 부품 관련 핵심기술을 개발하고 있다. 글로벌 탄소중립 기조에 따라 전기차 시장이 확대되면서 전기차 모터 부품 수요가 늘어날 것으로 예상되는 영향이다.현대제철은 연초 현대자동차·기아 남양연구소 기초소재연구센터와 함께 1.8기가파스칼(GPa) 프리미엄 핫스탬핑강을 개발, 세계 최초로 양산에 성공했다. 현재 현대차의 차세대 전기차인 제네시스 일렉트리파이드 G80(G80EV)과 신형 G90에 신규 강종이 사용되고 있다. 지난해부터 현대차에 초도 공급을 시작했으며 올해부터는 매년 14만5000장을 공급한다. 전기차 약 3만대에 사용할 수 있는 양이다.1.8GPa 초고강도 핫스탬핑강은 차량을 가볍게 할 뿐만 아니라 자동차 충돌 시 승객의 안전성을 확보할 수 있다는 장점이 있다. 기존 1.5GPa 핫스탬핑강 대비 인장강도를 20% 향상했으며 부품 제작 시 약 10%의 경량화가 가능하다.현대제철은 친환경 자동차 소재 시장을 선점하기 위해 충남 예산과 울산에 핫스탬핑 설비라인을 각각 22기, 2기를 구축했다. 두 공장에서는 연간 최대 5800만장을 생산할 수 있다. 국내 1위, 세계 3위의 생산 규모다.업계에 따르면 친환경 자동차에 적용되는 고강도 경량화 소재 수요가 증가하는 추세다. 배터리 무게 및 전장부품 비율 증가로 차량 무게가 늘면서 주행거리 확보를 위한 차량 경량화가 최우선 과제로 떠오른 영향이다. 현대차·기아는 친환경 차 경량화 달성을 위해 핫스탬핑 부품 적용률을 늘려가고 있다. 내연기관차에는 15% 정도의 핫스탬핑강을 적용했으나 전기차에는 20%로 비중을 늘렸다.현대제철은 전기차용 고성능 소재 시장 공략하기 위해 감속기 기어용 합금강과 관련 제조 기술을 개발하고 산업통상자원부로부터 신기술인증(NET)을 획득하기도 했다. NET을 보유한 업체는 정부 연구·개발(R&D) 사업 신청 시 우대받고 핵심부품 국산화 지원 등의 다양한 혜택도 주어진다.현대제철이 이번에 인증을 획득한 기술은 현대차·기아와 공동 개발한 기술로 현대제철이 합금 성분 설계 및 제조 공정의 최적화를, 현대차·기아가 소재 개발 기획과 시제품 제작을 맡았다.현대제철이 개발한 합금강은 기존 감속기 부품에 들어가는 강종 대비 열변형이 48% 향상돼 기어 구동 시 발생하는 소음을 감소시켰다. 고온 안정성을 확보해 감속기 기어 내구성을 기존 대비 약 2배 이상 증가시켰다.현대제철 관계자는 ""이번에 개발한 고성능 감속기 기어용 합금강은 기존 강종 대비 열변형과 내구성이 뛰어나다""며 ""신기술인증을 획득함으로써 우수한 기술력을 입증하고 전기차 부품 시장에서의 경쟁력을 확보하는 데 기여할 것으로 기대한다""고 말했다.",https://n.news.naver.com/mnews/article/417/0000855388?sid=101
"경북도, 파도 이용해 전기 생산 나서",2022-09-27 08:55:06,문화일보,"울릉 태하포구·현포항·남양항, 포항 영일만항 파력발전 적합안동=박천학 기자경북도가 동해안 파도를 이용, 전기를 생산하기로 해 주목된다.경북도는 27일 포항 동부청사 회의실에서 ‘경북 동해안 파력발전 기획연구 용역’ 최종 보고회를 개최하고 파력발전 후보지에 대한 입지 여건 등을 분석했다. 용역에 따르면 후보지는 울릉 태하포구·현포항·남양항, 포항 영일만항이 파력발전에 적합한 것으로 조사됐다.파력발전은 파도의 움직임으로 전기를 생산하는 해양에너지로 태양광, 풍력보다 날씨에 큰 영향을 받지 않고 24시간 운영할 수 있는 장점이 있다. 정부 탄소 중립위원회의 2050년 신재생에너지 중 해양에너지 목표에 파력발전(546MW)이 포함돼 있다파력발전은 미국과 영국 등 EU 일부 국가만 기술을 확보한 상태다. 국내는 해양수산부 주관으로 제주도(추자도)에 파력발전 실증시험이 진행되고 있다.도는 용역 결과를 바탕으로 파력발전 실증시험을 한 뒤 경제성이 입증되면 파력발전 친환경에너지를 공급할 수 있도록 정부와 협의할 방침이다.",https://n.news.naver.com/mnews/article/021/0002532990?sid=102
"경북도, 동해안 파력발전 시도…연구용역 ""울릉·포항 적합""",2022-09-27 08:23:27,뉴시스,"[안동=뉴시스] 파력발전 장치 개요. (그래픽=경북도 제공) 2022.09.27 *재판매 및 DB 금지[안동=뉴시스] 류상현 기자 = 경북도가 동해안의 파도를 이용해 전기를 생산하려는 시도를 하고 있다.경북도는 27일 동부청사 대회의실에서 '경북 동해안 파력발전 기획연구 용역' 최종보고회를 가진다.이날 보고회에는 도, 관계기관을 비롯해 용역수행 업체, 전문가 등 10여명이 참석할 예정이다. 이번 연구용역은 경북의 연안, 도서지역을 대상으로 한 파력발전장치 설치 후보지의 여건을 조사·분석하고 파력발전 신재생 에너지 기반확보를 위한 기본계획수립과 타당성조사를 위해 추진됐다.파력발전은 파도의 움직임으로 전기를 생산하는 해양에너지로 태양광, 풍력에 비해 날씨에 큰 영향을 받지 않고 24시간 작동할 수 있는 것이 장점이다.세계적으로 미국, 영국 등 EU 일부 국가만 기술을 확보한 상황으로 국내에서는 해양수산부 주관으로 제주도(추자도)에 파력발전 실증시험이 이뤄지고 있다.이번 연구용역 결과 경북에는 울릉 태하포구(지방어항), 울릉 현포항·남양항(국가어항), 포항 영일만항(무역항)이 파력발전에 적합한 것으로 나타났다.경북도는 이번 용역 결과를 바탕으로 경북 동해안의 연안과 도서 지역에 파력발전 실증시험을 하고 경제성이 입증되면 본격적으로 파력발전 친환경에너지를 공급할 수 있도록 정부와 협의해 나갈 방침이다.이경곤 경북도 동해안전략산업국장은 ""경북 동해안은 파랑조건이 우수한 것으로 나타났다. 파력발전을 도입해 신재생에너지의 중심지로 육성하고 정부의 탄소중립정책에 기여하겠다""고 밝혔다．",https://n.news.naver.com/mnews/article/003/0011441546?sid=102
"경북도, 동해안 파도 이용해 전기 생산 나서",2022-09-27 08:16:07,파이낸셜뉴스,"울릉 태하포구·현포항·남양항, 포항 영일만항 파력발전 적합     경북도가 동해안 파도를 이용해 전기 생산에 나서기로 해 관심을 끈다. 사진은 파력 발전장치 개요. 사진=경북도 제공 【파이낸셜뉴스 안동=김장욱 기자】 경북도가 동해안 파도를 이용해 전기 생산에 나서기로 해 관심을 끈다. 이를 통해 신재생에너지 파력 발전으로 탄소중립에 기여한다는 계획이다.   이에 경북도는 27일 동부청사 대회의실에서 '경북 동해안 파력발전 기획연구 용역' 최종 보고회를 개최한다고 밝혔다.   이번 용역은 경북의 연안, 도서지역을 대상으로 파력발전장치 설치 후보지에 관한 입지여건을 조사 및 분석하고 앞으로 파력 발전 신재생에너지 기반 확보를 위한 기본계획 수립 및 타당성조사를 위해 추진됐다.   파력발전은 파도의 움직임으로 전기를 생산하는 해양 에너지로 태양광, 풍력에 비해 날씨에 큰 영향을 받지 않고 24시간 작동할 수 있는 것이 장점이다.   미국, 영국 등 EU 일부 국가만 기술을 확보한 상황으로 국내에서는 해양수산부 주관으로 제주도(추자도)에 파력발전 실증시험이 이뤄지고 있다.   용역 결과 경북에는 울릉 태하포구(지방어항), 울릉 현포·남양항(국가어항), 포항 영일만항(무역항)이 파력발전에 적합한 것으로 나타났다.   도는 경북 동해안의 연안 및 도서지역에 파력발전 실증시험을 통해 경제성이 입증되면 본격적으로 파력발전 친환경 에너지를 공급할 수 있도록 정부와 협의해 나갈 방침이다.   이경곤 도 동해안전략산업국장은 ""국내 파력 발전 기술은 실증단계이며, 경북 동해안은 파랑 조건이 우수한 것으로 나타났다""면서 ""앞으로 파력 발전을 도입해 신재생에너지의 중심지로 육성하고 정부의 탄소중립 정책에 기여하겠다""라고 강조했다.",https://n.news.naver.com/mnews/article/014/0004904626?sid=102
"현대차 로보셔틀, 판교 제로시티 달린다",2022-09-28 15:08:01,조세일보,"- 29일부터 성남시 판교 일대에서 로보셔틀 시범 서비스 개시- 레벨4 자율주행차에 수요응답형 모빌리티 서비스 ‘셔클’ 접목- 복잡한 도심지역 시범 서비스로 자율주행 기술 개발 박차     ◆…현대자동차가 29일부터 자율주행 및 인공지능 기술을 결합한 로보셔틀 시범 서비스를 경기도 판교에 선보인다고 밝혔다. 사진-로보셔틀이 판교 제로시티 일대를 주행하고 있는 모습. 현대자동차 제공현대자동차가 자율주행 및 인공지능(AI) 기술을 결합한 로보셔틀 서비스를 판교에서 선보인다.   현대차가 이달 29일부터 자율주행 및 인공지능 기술을 결합한 로보셔틀 시범 서비스를 경기도 판교에 선보인다고 밝혔다.   로보셔틀은 로봇(Robot)과 버스를 의미하는 셔틀(Shuttle)의 합성어로 자율주행 기술을 적용한 다인승 모빌리티를 의미하며, 이번 시범 서비스에는 레벨4 자율주행 기술이 적용된 차량이 이용된다.   레벨4 자율주행 차량은 차량 스스로 주행 상황을 인지 및 판단해 차량을 제어할 수 있다. 일부 제한적인 상황을 제외하고는 비상 운전자가 개입하지 않는 것이 특징이다.   현대차는 대형 승합차인 쏠라티를 개조한 자율주행 차량 2대를 로보셔틀 시범 서비스에 투입하고, 인공지능(AI) 기반 수요응답형 모빌리티 서비스 ‘셔클’을 접목해 서비스를 제공한다.   인공지능 기술을 접목한 모빌리티 서비스를 개발하는 조직인 MCS(Mobility & Connected-car Service) Lab이 개발한 셔클 서비스는 탑승객이 앱을 통해 가까운 정류장에서 차량을 호출 시 인공지능 알고리즘을 통해 생성되는 최적의 경로를 따라 호출한 위치로 차량이 이동하는 방식을 통해 대기시간을 단축하고 배차 효율성을 높인다.   현대자동차 로보셔틀은 판교테크노3사거리 기준 반경 약 540m로 설정된 지역에서 운영된다. 지난 해 세종시에서 첫 선을 보인 로보셔틀을 판교 제로시티에서 운영함으로써 복잡한 도심환경에서의 자율주행 실증을 진행한다.   판교 제로시티는 테크 기업과 스타트업 종사자의 이동이 많은 지역으로 자율주행차 시범운행지구로 지정되어 다양한 자율주행 관련 연구가 이뤄지는 곳이다. 혼잡한 도심 환경에 대응하기 위해 현대차는 경기도 및 성남시와 협력해 교통신호와 자율주행차를 연동할 수 있는 인프라를 선제적으로 구축하여 자율주행 데이터를 수집해왔다.   현대자동차는 선정된 관계자 및 임직원을 대상으로 시범 서비스를 제한적으로 운영한다. 이를 통해 기술 및 서비스에 대한 의견을 수집하고, 수집된 의견들을 토대로 개선작업을 거쳐 일반 고객 대상으로 확대해 제공할 예정이다.   한편 현대차는 작년 6월 경기도와 '친환경차 인프라 구축 및 미래 모빌리티 도입 확대를 위한 업무 협약'을 체결하고, 도심에서 다양한 교통 상황에 대응하기 위한 교통신호 인프라 구축에 협력했으며, 세종시 일대와 남양기술연구소 자율주행 테스트베드 구축을 통해 로보셔틀 서비스를 제공한 바 있다.",https://n.news.naver.com/mnews/article/123/0002286929?sid=004
"넛지헬스케어㈜, 뇌전증 인식 개선 1차 건강 챌린지 성황리 종료",2022-09-28 14:57:02,스포츠조선,"◇뇌전증 인식 개선을 위한 1차 건강 챌린지.                                                 사진제공=넛지헬스케어㈜넛지헬스케어㈜가 운영하는 B2B 플랫폼 '팀워크(TeamWalk)'가 한국뇌전증협회, 남양유업과 진행한 '같이 걸을래?' 걷기 챌린지를 성공적으로 마쳤다고 밝혔다.해당 챌린지는 치매, 뇌졸중과 함께 3대 만성 신경계 질환에 해당하는 뇌전증에 대한 잘못된 정보를 바로잡고 사회적 편견을 개선하기 위해 넛지헬스케어㈜와 남양유업 그리고 한국뇌전증협회가 함께 기획한 것이다.'뇌전증 관리·지원법 입법동의'에 대한 관심을 촉구하고, 참가자들의 일상 속 건강관리에도 기여하기 위해 지난달 23일부터 2주간 넛지헬스케어㈜가 운영하는 건강관리 앱 캐시워크를 통해 진행됐다.이번 챌린지에는 총 18만명이 참가해 누적 걸음 수 470억보를 달성했다. 팀워크 챌린지 하루 목표 걸음 수인 8000 보를 달성하고 최종 목표 걸음 수 10만4000보를 완수한 인원은 6만명을 기록했다.또 팀워크에 챌린지를 개설한 기업 사용자가 '소식'란을 통해 참가자들과 실시간으로 소통할 수 있어 뇌전증 인식 개선을 위한 커뮤니티 기능도 활성화됐다. 참가자들은 '뇌전증이 정신질환이 아닌 신경계 질환인지 몰랐다', '복지 사각지대에 있는 뇌전증 환자와 그 가족들을 위해 도움이 됐으면 좋겠다' 등 인식 개선과 입법동의 필요성에 공감했다.나승균 넛지헬스케어㈜ 대표는 ""팀워크는 일상 속 건강관리에 기여하는 서비스로 평소 눈여겨보던 뇌전증의 인식 개선과 사회적 공감 형성에 기여하는 방향으로 첫 ESG 캠페인을 진행해 의미가 크다""며 ""현재 두 번째 걷기 챌린지가 진행 중으로, 많은 참여 부탁드린다""고 말했다.",https://n.news.naver.com/mnews/article/076/0003921183?sid=101
"현대차 AI 자율주행 ‘로보셔틀’, 세종·남양 이어 판교 달린다",2022-09-28 14:54:23,중앙일보,"현대자동차가 29일부터 로보셔틀 시범 서비스를 경기도 성남 판교에서 운영한다고 28일 밝혔다. [사진 현대자동차]       현대자동차가 29일부터 자율주행과 인공지능(AI) 기술을 결합한 ‘로보셔틀’ 서비스를 경기도 성남 판교에서 시범 운영한다고 28일 밝혔다. 로보셔틀은 로봇(Robot)과 버스를 의미하는 셔틀(Shuttle)의 합성어다. 자율주행 기술을 탑재한 다인승 모빌리티를 뜻한다.      이번 시범 운영에서 ‘레벨4’ 수준의 자율주행 기술이 들어간 차량이 일반 도로를 달린다. 레벨4 자율주행은 스스로 주행 상황을 인지하고 판단해 차량을 제어할 수 있는 수준이다. 일부 제한적인 상황을 제외하곤 운전자가 개입하지 않는 것이 특징이다.      현대차는 대형 승합차인 쏠라티를 개조한 자율주행 차량 두 대를 투입한다. 제한된 관계자와 임직원을 대상으로만 먼저 시범 서비스를 진행한다. 이들에게 기술과 서비스에 대한 의견을 듣고, 수집한 의견을 토대로 개선 작업을 거쳐 일반인까지 대상을 확대할 예정이다.          미국자동차공학회의 자동화 단계별 자율주행 분류체계. 그래픽=박춘환 기자 park.choonhwan@joongang.co.kr       현대차는 이번 로보셔틀을 판교테크노3사거리 반경 540m에 설정된 ‘판교 제로시티’에서 운행한다. 이에 앞서 지난해 8~9월 세종시 일대(정부세종청사~국립세종수목원 6.1㎞)와 지난해 10월 경기도 화성 남양기술연구소에서 시범 주행했다. 남양연구소에는 자율주차 기술을 개발하기 위해 주차 타워도 짓고 있는데 연내 완공할 예정이다.       로보셔틀에는 현대차 MCS랩이 개발한 AI 기반의 수요응답형 모빌리티 서비스 ‘셔클(Shucle)’이 접목됐다. 셔클 앱을 통해 가까운 정류장에서 로보셔틀을 부르면 AI 알고리즘을 통해 만들어진 최적의 경로를 따라 호출한 위치로 차량이 움직인다. 이용자가 셔클 앱을 통해 승하차를 희망한 정류장에만 정차하기 때문에 이동·대기 시간이 줄어들고, 배차 효율성이 높아진다.          현대자동차가 29일부터 로보셔틀 시범 서비스를 경기도 성남 판교에서 운영한다고 28일 밝혔다. [사진 현대자동차]       판교는 정보통신기술(ICT) 기업과 스타트업 종사자의 이동이 많은 지역으로 자율주행 시범운행지구로 지정돼 다양한 자율주행 관련 연구가 이뤄지는 곳이다. 판교처럼 혼잡한 도심 환경에 대응하기 위해 현대차는 경기도·성남시와 함께 교통 신호와 자율주행 차량을 연동할 수 있는 인프라를 구축해 자율주행 데이터를 수집해왔다. 이를 위해 지난해 6월 ‘친환경차 인프라 구축 및 미래 모빌리티 도입 확대를 위한 업무 협약’을 맺었다.       장웅준 현대차 자율주행사업부 전무는 “자체 개발한 자율주행 기술을 기반으로 로보셔틀·로보라이드 등 다양한 서비스를 시범 운영하고 있다”며 “더욱 복잡한 환경에서도 모두가 안전하고 편리하게 이동할 수 있도록 기술을 개발할 것”이라고 말했다.",https://n.news.naver.com/mnews/article/025/0003227098?sid=101
"""빵 냄새 폴폴나는 천안으로 오세요"" '빵빵데이’ 9일 개막",2022-09-28 14:32:04,더팩트,"100여개 동내 10일까지 10% 할인 지역 농산물과 원유로 만든 제품 및 우유 증정    충남 천안시가 다음달 9일부터 10일까지 '2022 천안 빵빵데이'축제를 개최한다. 28일 천안시 김종형 농업정책국장과 이기형 식품안전과장이 천안시청 브리핑실에서 브리핑을 하고 있다. / 천안=김경동 기자충남 천안시는 ‘2022 천안 빵빵데이’축제를 다음달 9일부터 10일까지 개최한다고 28일 밝혔다.천안시청사 일원과 지역 내 100여 개 참여 제과업소에서 진행되는 이번 축제는 ‘빵빵콘서트’를 비롯해 △빵지순례단 △30여 개의 동네빵집의 빵을 맛볼 수 있는 빵마켓 △지역아티스트 공연 △도전! 빵든벨 △호두과자 굽기 △쿠키 아이싱 △빵의도시 천안 ‘히스토리월’ △빵빵사진관 △빵의도시 선포식 등 다양한 체험과 즐길거리가 펼쳐질 예정이다.특히, 판로 개척 등 어려움을 겪는 지역 농축산 업계와 연대 상생의 가치를 높이는 다양한 행사도 진행한다. 지역 내 우유 소비 촉진을 위해 남양유업(주) 천안공장과 협업해 지역 낙농가의 원유로 만든 우유 3만 여개를 행사장과 참여 제과업소에서 무료로 나눠줄 예정이다. 또 쌀 생산농가의 어려움을 덜기 위해 쌀로 만든 빵도 선보인다. 또, ㈜신세계푸드 천안공장과 협업해 소외계층 시설 20개소에 빵 2500여 개를 전달한다.전국 각지에서 빵을 좋아하는 사람들로 모인 ‘빵빵데이 순례단’은 축제를 대표하는 프로그램으로 참여 규모를 30개 팀에서 100개 팀으로 늘려 모집한 결과 2392개 팀 7002명이 신청했다. 선정된 100개 팀은 축제를 즐기고 빵지 순례 후 SNS상 후기를 올려 동네 숨은 빵 맛집을 알리는 데 큰 역할을 하게 된다.빵지순례에 참여하지 못한 시민도 축제 기간 참여하는 100여 개의 동네 빵집을 방문하면 10% 할인된 가격으로 빵을 구입할 수 있다.박상돈 천안시장은 ""가족·연인·친구와 함께 다채로운 행사, 빵지순례 등 마련된 프로그램을 맘껏 즐기시고 햇볕 좋은 가을날 행복한 추억 많이 만드시길 바란다""며 ""앞으로 빵의 도시 천안은 지역사회와 연대·상생의 사회적 가치를 실현하며 꾸준하게 연계 범위를 확대해 관련 산업과 지역경제 활성화에 기여할 수 있도록 할 계획""이라고 말했다.    충남 천안시가 다음달 9일부터 10일까지 '2022 천안 빵빵데이'축제를 개최한다. / 천안시 제공발로 뛰는 더팩트는 24시간 여러분의 제보를 기다립니다.▶카카오톡: '더팩트제보' 검색▶이메일: jebo@tf.co.kr▶뉴스 홈페이지: http://talk.tf.co.kr/bbs/report/write",https://n.news.naver.com/mnews/article/629/0000175209?sid=102
[Business Inside] 한앤코 판정승에 김앤장이 반색한 사연,2022-09-28 14:09:01,매일경제,"사모펀드 한앤컴퍼니(한앤코)가 남양유업 홍원식 회장 일가에 계약대로 남양유업 주식을 양도하라며 낸 소송에서 승소했다. 한앤코는 지난해 5월 홍 회장 일가가 보유한 남양유업 지분을 인수하는 주식매매계약(SPA)을 맺었으나 홍 회장 측은 그해 9월 계약 해지를 통보했다. 홍 회장 측은 한앤코가 주식매매계약에서 외식사업부 매각을 제외하는 합의를 지키지 않았고 계약 선행조건 중 하나인 오너 일가에 대한 예우를 이행하지 않았다는 점 등을 들었다. 이에 한앤코는 계약대로 주식을 양도하라며 소송을 냈다. 재판부는 양측의 주식매매계약 효력이 유지된다고 보고 한앤코의 손을 들었다. 소송 결과에 대해 가장 반색하고 나선 곳은 김앤장 법률사무소다. 이유는 홍 회장 측이 김앤장이 지분 매각 과정에서 홍 회장 측과 한앤코 측의 법률대리인을 동시에 맡아 쌍방대리인 점을 문제 삼았기 때문. 법조계에선 재판부가 김앤장이 홍 회장 측에 위임받은 대리권이 있다거나 대리행위로 보기에도 부족하고 인정할 만한 증거도 없다고 판단한 것으로 풀이하고 있다. 통상 M&A에서 로펌의 역할은 대리가 아닌 자문사로 불린다. 대리는 의뢰인을 대신해 의사결정을 할 수 있지만 M&A에서는 법률적인 부분에 대해 조력하는 게 일반적이다. 법조계에서는 이번 판결이 M&A 법률자문 시장에 미칠 파장을 예의주시하고 있다. 이번 판결은 국내 M&A에서 쌍방대리 주장에 대한 사실상 첫 판결이기 때문이다. 김앤장은 국내 로펌 중 'M&A 자문'을 가장 많이 하는 곳으로 알려져 있다. 부장판사 출신의 한 변호사는 “이번이 M&A에서 쌍방대리에 관해 처음으로 나온 판결인 만큼, 김앤장뿐만 아니라 다른 로펌에서도 관심이 많았던 것으로 알려졌다”면서 “이번 판결로 M&A 법률자문 시장에서 로펌들의 관련 움직임도 활발해질 것으로 본다”고 전했다.[본 기사는 매경LUXMEN 제145호 (2022년 10월) 기사입니다]",https://n.news.naver.com/mnews/article/009/0005023131?sid=004
"HDC랩스, Modernization & Digital Service Award 수상",2022-09-28 10:57:59,한국경제TV,"HDC LABS는 글로벌 에너지 및 자동화 전문 그룹인 슈나이더 일렉트릭 (SchneiderElectric, 이하 슈나이더)으로부터 Modernization & Digital Service Award를 수상하였다. 이는 전세계 4,500여개의 슈나이더 파트너사 중 디지털 및 현대화 분야의 Global Top으로 인정되었음을 의미한다.HDC LABS는 1987년부터 35년간 슈나이더 일렉트릭의 빌딩 자동제어시스템 분야 국내유일 BMS Master 파트너사로서 활동하고 있으며, 대표적인 프로젝트 로는HDC현대산업개발과 함께 서울아산병원, 상암MBC사옥등에서 빌딩 자동제어 시스템을 성공적으로 구축하였고, 안정적으로 운영한 바 있다.또한, COEX, 현대자동차 남양연구단지, 영등포 타임스퀘어, 아모레퍼시픽 용산사옥 등을 비롯한, 국내의 주요 대형 랜드마크 빌딩 BMS시스템 구축 및 현대화를 지속적으로 진행하고 있다.베트남의 대표적 초고층 복합 빌딩인 하노이 랜드마크 타워 등을 성공적으로 수행 한 HDC LABS는 최근 DLR 상암ICN10 데이터센터 및 성남HP.PK R&D센터 프로젝트를 성공적으로 완료 함으로서 글로벌 기업으로서 가치를 향상시키고 디지털 및 현대화 분야의 국내 선도주자임을 증명 하였다.현재 HDC LABS는 HDC그룹의 지능형 빌딩 시스템 (IBS) 전문IT 기업으로서 빌딩 자동화 관련 엔지니어링, 설치, 시운전뿐만 아니라 빌딩 운영관리 지원을 통한 건물 생애주기(Life Cycle) 관리에 이르는 통합솔루션을 제공하고 있다. 또한 클라우드 기반 건물 관리 플랫폼인 Commercial Space Platform을 내년 중 출시 예정이며, 자사 IBS시스템인 Fronnix 신제품 출시 등 빌딩 자동제어의 현대화를 선도해 나아갈 계획이다.HDC LABS와 슈나이더 사는 장기간에 걸친 협력과 신뢰를 바탕으로 통합 솔루션 기업과 제조업체간 협업을 강화할 예정으로 특히 기존 건축물의 리노베이션을 통한 시장확대와 더불어 최근 다국적 투자사들이 집중하고 있는 데이터센터 사업에서 상호간 시너지가 기대된다.",https://n.news.naver.com/mnews/article/215/0001056715?sid=101
"울릉 남양초등학교,  제18회 독도사랑 독도 영상제  ‘대상 수상’",2022-09-28 10:56:07,프레시안,"독도 향한 마음을 영상에 잘 녹여낸 점 등이 높은 평가...국토 최동단 울릉도 초등학생들이 큰일을 해냈다. 28일 경북 울릉군 남양초등학교는 지난 24일 제18회 독도사랑 경상북도 외국어(영어) 스피치 및 독도 영상제 대회에서 ‘독도영상제 분야’ 대상을 수상하게 됐다고 밝혔다.     ▲남양초 학생들이 울릉군 사동항에서 플래시몹 영상을 촬영하고 있다. ⓒ남양초 남양초 학생들이 출품한 영상은 독도를 향한 마음을 학교, 사동항, 독도에서 영상에 잘 녹여낸 점 등이 심사위원들의 높은 평가를 받은 것으로 전해졌다. 수상 소식을 듣게 된 3학년 백지인 학생은 “플래시몹 촬영을 한다고 해서 긴장을 많이 했는데 우리가 찍은 영상이 대상을 받게 되어서 정말 기쁘고, 지금처럼 독도를 사랑하고 소중히 여겨야겠다는 마음이 생겼다”고 말했다. 김명숙 남양초등학교장은 “열정적으로 독도 교육을 실천해주신 선생님들과 독도를 사랑하는 아이들의 멋진 마음들이 모여 대상 수상이라는 결과를 낳게 되었다”며 수상 소감을 밝혔다.",https://n.news.naver.com/mnews/article/002/0002260622?sid=102
"현대차 로보셔틀, 판교 제로시티 달린다",2022-09-28 10:49:01,부산일보,"현대자동차의 로보셔틀이 경기도 성남시 판교 일대를 주행하고 있는 모습.현대차 제공현대자동차는 29일부터 자율주행과 인공지능(AI) 기술을 결합한 로보셔틀 시범 서비스를 경기도 판교에 선보인다고 28일 밝혔다.로보셔틀은 로봇과 버스를 의미하는 셔틀의 합성어로 자율주행 기술을 적용한 다인승 모빌리티를 의미하며, 이번 시범 서비스에는 레벨4 자율주행 기술이 적용된 차량이 이용된다.레벨4 자율주행 차량은 차량 스스로 주행 상황을 인지·판단해 차량을 제어할 수 있다. 일부 제한적인 상황을 제외하고는 비상 운전자가 개입하지 않는 것이 특징이다.현대차는 대형 승합차인 쏠라티를 개조한 자율주행 차량 2대를 로보셔틀 시범 서비스에 투입하고, AI 기반 수요응답형 모빌리티 서비스 ‘셔클’을 접목해 서비스를 제공한다.인공지능 기술을 접목한 모빌리티 서비스를 개발하는 조직인 MCS(모빌리티&커넥티드 카 서비스) 랩이 개발한 셔클 서비스는 탑승객이 앱을 통해 가까운 정류장에서 차량을 호출시 인공지능 알고리즘을 통해 생성되는 최적의 경로를 따라 호출한 위치로 차량이 이동하는 방식을 통해 대기시간을 단축하고 배차 효율성을 높인다.현대자동차 로보셔틀은 판교테크노3사거리 기준 반경 약 540m로 설정된 지역에서 운영된다. 지난해 세종시에서 첫 선을 보인 로보셔틀을 판교 제로시티에서 운영함으로써 복잡한 도심환경에서의 자율주행 실증을 진행한다.판교 제로시티는 테크 기업과 스타트업 종사자의 이동이 많은 지역으로 자율주행차 시범운행지구로 지정되어 다양한 자율주행 관련 연구가 이뤄지는 곳이다. 혼잡한 도심 환경에 대응하기 위해 현대차는 경기도, 성남시와 협력해 교통신호와 자율주행차를 연동할 수 있는 인프라를 선제적으로 구축해 자율주행 데이터를 수집해왔다.현대차는 선정된 관계자와 임직원을 대상으로 시범 서비스를 제한적으로 운영한다. 이를 통해 기술·서비스에 대한 의견을 수집하고, 수집된 의견들을 토대로 개선작업을 거쳐 일반 고객 대상으로 확대해 제공할 예정이다.현대차 자율주행사업부 장웅준 전무는 “자체 개발한 자율주행 기술을 기반으로 로보셔틀, 로보라이드 등 다양한 자율주행 서비스를 실증 중”이라며 “더욱 복잡해질 환경 속에서도 모두가 안전하고 편리하게 이동할 수 있도록, 기술 개발을 이어갈 것“이라고 밝혔다.한편, 현대차는 작년 6월 경기도와 ‘친환경차 인프라 구축·미래 모빌리티 도입 확대를 위한 업무 협약’을 체결하고, 도심에서 다양한 교통 상황에 대응하기 위한 교통신호 인프라 구축에 협력했으며, 세종시 일대와 남양기술연구소 자율주행 테스트베드 구축을 통해 로보셔틀 서비스를 제공한 바 있다.",https://n.news.naver.com/mnews/article/082/0001176388?sid=101
"경북 동해 파도로 전기 생산…""영일만항 파력(波力) 좋아""",2022-09-28 10:45:19,중앙일보,"경북도의 파력발전 관련 이미지. 사진 경북도           동해 파도로 전기를 생산할 수 있을까.       경북도가 파도 힘을 이용해 전기를 만드는 파력(波力)발전 사업을 추진한다. 지자체 주관으로 파력발전 사업을 진행하는 것은 경북도가 처음이다. 국내에는 제주 앞바다에서 정부 주관으로 파력발전 실증 사업을 진행 중인 게 유일하다.      경북도는 지난 27일 동부청사에서 동해안 파력발전 기획연구 용역 최종보고회를 열었다. 연구용역은 경북의 연안·도서 지역을 대상으로 파력발전 장치 설치 후보지에 관한 입지여건을 조사·분석한 것이다.       경북도 측은 ""용역을 해보니, 경북 동해안에는 울릉 태하포구(지방어항), 울릉 현포항·남양항(국가어항), 포항 영일만항(무역항)이 파력발전에 적합한 곳으로 나타났다""고 설명했다.           '방파제 부딪히는 파도로 전력생산'...제주에 실증플랜트 준공. 연합뉴스           경북도는 내년도 사업으로 정부에 파력발전 실증 사업 추진을 요청할 예정이다. 정부 예산을 받아 파도 질이 우수한 동해 항구에 파력발전 구조물과 에너지 저장·변환장치를 설치, 전기 생산 경제성을 실험할 계획이다.      파력발전은 세계적으로 태양광·풍력에 이은 차세대 청정에너지원으로 주목받고 있다. 발전 설비는 파도가 방파제로 들이치면서 마찰로 발생하는 힘을 전기로 바꿔 저장하는 육상(On-shore) 설치 방식과 먼바다(Off-shore)에 무인 설비를 설치, 해저 케이블로 전기를 육지로 이동시켜 저장하는 방식이 있다. 경북도는 육상 방식을 검토 중이다.       이경곤 경북도 동해안전략산업국장은 “국내 파력발전 기술은 실증단계이며 경북 동해안은 파랑 조건이 우수한 것으로 나타났다”며 “향후 파력 발전을 도입해 신재생에너지의 중심지로 육성하고 정부의 탄소 중립정책에 기여하겠다”고 말했다.        파력발전은 파도의 모든 방향에서 나오는 움직임으로부터 에너지를 흡수해 낮은 수심의 파도에서도 효과적으로 에너지를 얻을 수 있다. 24시간 전기 생산이 가능하고, 날씨 영향도 적게 받는다. 현재는 미국·영국, 유럽연합 일부 국가에서만 파력발전 기술을 완전히 확보한 것으로 알려졌다.",https://n.news.naver.com/mnews/article/025/0003227032?sid=102
"남양유업, '프렌치카페 로스터리가 떠오르는 순간' SNS 이벤트 진행",2022-09-28 09:28:06,뉴스1,"제품 촬영 후 인스타그램 업로드하면 경품    남양유업 제공(서울=뉴스1) 박우영 기자 = 남양유업이 '프렌치카페 로스터리가 떠오르는 순간' SNS 이벤트를 다음 달 10일까지 진행한다고 28일 밝혔다. 이벤트는 일상 속에서 프렌치카페 로스터리가 떠오르는 순간을 제품과 함께 촬영하고, 인스타그램에 필수 해시태그와 함께 업로드 하는 방식이다. 참여 후 인증과 개인정보를 구글폼에 입력하면 참여가 완료된다.필수 해시태그, 촬영 제품 등 이벤트에 대한 자세한 정보는 남양유업 공식 인스타그램에서 확인할 수 있다. 남양유업은 참여자에게 다양한 경품을 제공할 예정이다. 권오율 남양유업 BM은 ""리뉴얼 이후 많은 사랑을 받고 있는 프렌치카페 로스터리가 고객분들의 일상 속에서 더욱 '떠오르는' 커피가 될 수 있도록 이벤트를 기획했다""며 ""앞으로도 더욱 사랑 받는 프렌치카페 로스터리가 되도록 노력하겠다""고 밝혔다.삼양식품 5명 100만 박인웅 과장",https://n.news.naver.com/mnews/article/421/0006360304?sid=101
"현대차 레벨4 자율주행 로보셔틀, 판교 제로시티 달린다",2022-09-28 09:15:01,데일리안,"29일부터 경기도 성남시 판교 일대에서 로보셔틀 시범 서비스    현대차 로보셔틀이 판교 제로시티 일대를 주행하고 있다. ⓒ현대자동차[데일리안 = 박영국 기자] 현대자동차가 자율주행 및 인공지능(AI) 기술을 결합한 로보셔틀 서비스를 판교에서 선보인다.현대차는 오는 29일부터 경기도 판교에서 자율주행 및 인공지능 기술을 결합한 로보셔틀 시범 서비스를 시작한다고 28일 밝혔다.로보셔틀은 로봇(Robot)과 버스를 의미하는 셔틀(Shuttle)의 합성어로 자율주행 기술을 적용한 다인승 모빌리티를 의미하며, 이번 시범 서비스에는 레벨4 자율주행 기술이 적용된 차량이 이용된다.레벨4 자율주행 차량은 차량 스스로 주행 상황을 인지 및 판단해 차량을 제어할 수 있다. 일부 제한적인 상황을 제외하고는 운전자가 개입할 필요가 없다.현대차는 대형 승합차인 쏠라티를 개조한 자율주행 차량 2대를 로보셔틀 시범 서비스에 투입하고, 인공지능(AI) 기반 수요응답형 모빌리티 서비스 ‘셔클’을 접목해 서비스를 제공한다.인공지능 기술을 접목한 모빌리티 서비스를 개발하는 조직인 MCS(Mobility & Connected-car Service) Lab이 개발한 셔클 서비스는 탑승객이 앱을 통해 가까운 정류장에서 차량을 호출 시 인공지능 알고리즘을 통해 생성되는 최적의 경로를 따라 호출한 위치로 차량이 이동하는 방식을 통해 대기시간을 단축하고 배차 효율성을 높인다.현대차 로보셔틀은 판교테크노3사거리 기준 반경 약 540m로 설정된 지역에서 운영된다. 지난 해 세종시에서 첫 선을 보인 로보셔틀을 판교 제로시티에서 운영함으로써 복잡한 도심환경에서의 자율주행 실증을 진행한다.판교 제로시티는 테크 기업과 스타트업 종사자의 이동이 많은 지역으로 자율주행차 시범운행지구로 지정되어 다양한 자율주행 관련 연구가 이뤄지는 곳이다. 혼잡한 도심 환경에 대응하기 위해 현대차는 경기도 및 성남시와 협력해 교통신호와 자율주행차를 연동할 수 있는 인프라를 선제적으로 구축하여 자율주행 데이터를 수집해왔다.현대차는 선정된 관계자 및 임직원을 대상으로 시범 서비스를 제한적으로 운영한다. 이를 통해 기술 및 서비스에 대한 의견을 수집하고, 수집된 의견들을 토대로 개선작업을 거쳐 일반 고객 대상으로 확대해 제공할 예정이다.현대차 자율주행사업부 장웅준 전무는 “자체 개발한 자율주행 기술을 기반으로 로보셔틀, 로보라이드 등 다양한 자율주행 서비스를 실증 중”이라며 “더욱 복잡해질 환경 속에서도 모두가 안전하고 편리하게 이동할 수 있도록, 기술 개발을 이어갈 것“이라고 밝혔다.한편, 현대차는 작년 6월 경기도와 '친환경차 인프라 구축 및 미래 모빌리티 도입 확대를 위한 업무 협약'을 체결하고, 도심에서 다양한 교통 상황에 대응하기 위한 교통신호 인프라 구축에 협력했으며, 세종시 일대와 남양기술연구소 자율주행 테스트베드 구축을 통해 로보셔틀 서비스를 제공한 바 있다.",https://n.news.naver.com/mnews/article/119/0002643245?sid=101
"'아름다운 섬' 전라도 고흥, 영화 촬영지로 뜬다",2022-09-29 18:55:02,헤럴드경제,"'58년 개띠' 대표하는 베이비부머 세대의 사랑 영화 ‘이연’ 크랭크인공영민 군수 '까메오' 출연 연기력 볼거리…베를린영화제 출품 예고    영화 ‘이연’이 천혜의 자연환경을 간직한 전라남도 고흥군에서 촬영되고 있다.[헤럴드경제(고흥)=박대성 기자] 천혜의 자연환경을 자랑하는 전라남도 고흥군이 영화 촬영장으로 각광을 받고 있다. 한반도 남쪽자락 고흥군은 3면이 바다인 '비읍(ㅂ)자' 모양의 반도로, 다도해 해상 청정해역과 여자만 갯벌 등 천혜의 자연환경을 갖춘데다 여수~고흥 간 연륙·연도교 개통과 순천과의 접근성이 좋아 촬영 명소로의 발돋움이 예상된다. 사단법인 한국시니어스타협회(이사장 김선)가 '58년 개띠'로 대변되는 베이비부머 세대들의 사랑 이야기를 담은 영화 '이연(異緣)'을 고흥의 아름다운 섬을 배경으로 촬영하고 있어 눈길을 끈다. 이 영화는 장기봉 감독(66)이 메가폰을 잡고 촬영이 한창이며, 왕년의 '꼬마신랑'의 배우 김정훈, 70년대 청춘영화 주인공 이승현, '명품배우' 이경영 등 출연 배우들 또한 대부분 '5060세대'로 채워 베이미부머 세대의 공감대를 넓게 형성하고 있다.     장기봉 감독.장 감독은 ""이연이란 남녀의 죽어서도 잊지 못할 불사의 연을 말하고, 영화는 중년의 사랑, 지나간 아쉬움 등 담아 섬에 빗대 인생이나 자신의 모습 등 표현한 재미있는 영화가 될 것""이라고 강력 추천했다. 특히 이 영화에는 공영민 군수도 까메오(특별출연)로 직접 참여, 그의 역할과 연기력도 벌써부터 군민들의 '깨알' 볼거리 중 하나다. 영화 '이연'은 금산면의 거금도, 영남면의 미르마루길, 남양면의 일출·일몰 등의 아름다운 배경으로 촬영이 이뤄지고 있다.지난 5일 경기 남양주 오남 자코모 소파 전시장에서 크랭크인 한 영화는 10월 하순까지 고흥에서 머물며 촬영하게 되며, 국내 인구 5000여만명 가운데 20%인 1000만명에 달하는 '베이비부머'들의 진한 사랑과 삶을 그린다는 점이 특징이다. 영화는 세계적 관심을 끌었던 영화 ‘매디슨 카운티의 다리’를 뛰어 넘는 동양적 감성의 채워지며, 베이비부머 세대의 아역스타들이 대거 등장해 사무 달라진 중년남성의 사랑연기를 열연하고 있다. 잔혹한 폭력성이 짙은 영화가 범람하는 시기에 자식이 성장시키고 난 뒤 중년 남녀들의 애잔한 사랑 이야기라는 점에서 동년배 나잇대의 큰 공감을 얻을 전망이다. 이 영화의 주제곡으로는 노래하는 시인 유익종의 노래 ‘이연’으로, 아름다운 영상과 함께 중장년들의 감성의 폭을 한껏 끌어올릴 것으로 기대된다.이번에 고흥에서 ‘이연’을 제작하는 한국시니어스타협회는 시니어 모델과 시니어 배우를 꿈꾸는 사람이 모인 곳으로, 열정 넘치고 낭만을 아는 '원조 한류' 시니어 세대의 예능 본능을 일깨워 '인생 2막'을 새롭게 펼치려 모인 사단법인체라고 한다.김선(62) 한국시니어스타협회 이사장은 ""우리나라에 아름다운 곳들이 많지만 고흥처럼 아름다운 곳은 처음이다""며 ""고흥하면 유자나 나로호 발사 등만 생각했는데, 천혜의 자연 자원을 가지고 있는데다 비행기 소리 하나 없는 청정환경에 아름다운 일출, 일몰, 해무를 볼 수 있는 고흥은 전 세계적인 영화 촬영지로 손색없다""고 극찬했다. 김 이사장은 다만, 촬영 현장을 오가면서 교통불편으로 인한 인·물적 비용이 많이 들어 이 부분에 대한 보완 필요성을 주문했다. 때 마침 민선8기 군정을 책임지고 있는 공영민 군수는 '고흥~보성~광주' 간 고속도로 건설을 공약실현을 약속, 고흥반도 끝단 나로도와의 접근성을 높이고 전국의 힐링 관광객을 끌어 모은다는 계획이다. 공 군수는 ""이번 영화는 90% 이상을 고흥서 촬영하게 된다. 고흥이 사실 유럽처럼 큰 배경의 경치는 아니더라도 아기자기한 섬 풍경은 대한민국 최고로, 이번 영화가 흥행시에는 촬영지가 인기 관광지가 돼 지역 경제 활성화에도 큰 도움이 될 전망이다""고 강조했다. 군에서는 영화 '이연' 촬영을 계기로 고흥을 영화 촬영 세트장 명소로 부각될 수 있을 것으로 보고, 군 차원에서 최대한의 행정적 지원을 약속하고 있다.영화 '이연'은 내년 2월 열리는 베를린 국제영화제에도 출품돼 한국과 고흥의 아름다움을 전 세계에 알리게 된다. 국내 주요 영화관 개봉 일정은 내년 3월 또는 4월이다.",https://n.news.naver.com/mnews/article/016/0002047129?sid=102
충남정신운동 청양군협의회 '효자·효부 시상',2022-09-29 18:44:16,뉴스1,"구재문씨 등 효자상 2명·이경수씨 등 효부상 8명 수상    효자·효부상 수상자들이 시상식 후 기념사진을 찍고 있다.(청양군 제공)(청양=뉴스1) 백운석 기자 = 충남정신운동 청양군협의회는 28일 청양복지타운 대강당에서 ‘2022 효자·효부 시상식’을 개최했다.올해 효자상은 구재문(청양읍 학당길)·원순재(장평면 낙지리)씨가 받았고 효부상은 이경수(운곡면 모곡리)·김원자(대치면 탄정리)·임인주(정산면 역촌리)·박금자(목면 본의리)·이미애(청남면 천내리)·주미숙(남양면 용마리)·조윤희(화성면 매산리)·이화선(비봉면 신원리)씨가 각각 수상했다.김도수 충남정신운동 청양군협의회장은 “어려운 환경 속에서도 부모와 이웃 어른들을 극진히 섬기면서 주위를 환하게 밝힌 분들에게 상을 드리게 되어 기쁘다”고 말했다.김돈곤 청양군수는 “아름다운 효 문화를 계승하고 널리 확산하기 위해 매년 효자와 효부를 찾아 표창하는 충남정신운동 청양군협의회에 감사드린다”며 “역경 속에서도 효행을 다하신 수상자께 축하와 존경의 말씀을 드린다”라고 밝혔다.한편 충남정신운동 청양군협의회는 5대 충남정신과 효 문화를 지역사회에 전파하기 위해 인덕장 시상, 충남 정신 방문 교실 운영, 건전 생활 캠페인을 연중 전개하고 있다.",https://n.news.naver.com/mnews/article/421/0006365159?sid=102
"더 가볍고 안전하게…현대제철, 전기차 강재기술 대거 상용화",2022-09-29 17:26:02,서울경제,"10% 경량화 1.8㎬ 탬핑강 등전세계서 처음으로 양산 성공    현대제철의 전기차용 강판이 적용된 전기차 차체. 사진제공=현대제철[서울경제] 현대제철(004020)이 전기차 시장의 성장에 따라 전기차용 강재 기술을 대거 상용화했다. 전기차용 강판은 경량화와 배터리 보호를 위한 내구성이 핵심이어서 내연기관차 강판과는 다른 기술이 필요하다.현대제철은 올 초 현대차(005380)·기아(000270) 남양연구소 기초소재연구센터와 함께 1.8㎬(기가파스칼) 프리미엄 핫스탬핑강을 개발해 세계 최초로 양산에 성공했다고 29일 밝혔다. 이 강종은 차량을 가볍게 할 뿐 아니라 자동차 충돌 시 승객의 안전성을 확보할 수 있다는 장점이 있다. 기존 1.5㎬ 핫스탬핑강 대비 인장 강도를 20% 향상시켰다. 부품 제작 시 10% 정도 경량화도 할 수 있다.현대제철은 현대차의 차세대 전기차 제네시스 G80과 신형 G90에 신규 강종을 공급하고 있다. 올해부터는 매년 14만 5000장을 제공한다. 전기차 약 3만 대에 사용할 수 있는 양이다.현대제철은 친환경 자동차 소재 시장을 선점하기 위해 국내 충남 예산에 22기, 울산에 2기의 핫스탬핑 설비 라인을 구축했다. 두 공장에서는 연간 최대 5800만 장을 생산할 수 있다. 이는 국내 1위, 세계 3위 생산 규모다.현대제철이 전기차용 강재 기술 개발에 공을 들이는 것은 친환경 자동차에 적용되는 고강도 경량화 강판 소재 시장이 빠르게 성장하고 있기 때문이다. 배터리의 무게와 전장 부품의 비율이 점점 늘어남에 따라 차량이 무거워지고 있어 전기차 업계에서 주행거리 확보를 위한 경량화 작업은 최우선 과제로 떠올랐다. 현대제철은 전기차용 감속기 기어용 합금강 기술도 상용화를 앞두고 있다. 올 6월 전기차 감속기 기어용 합금강과 해당 제조 기술을 개발하고 산업통상자원부의 신기술(NET) 인증을 획득했다. 새로운 합금강은 기존 감속기 부품에 들어가는 강종 대비 열 변형이 48% 향상된 제품이다. 기어가 구동할 때 발생하는 소음을 크게 줄일 수 있다. 이는 올해 출시되는 기아의 전기차 EV6 GT에 적용된다.현대제철 관계자는 “새로 개발한 기어용 합금강은 우수한 기술력이 입증돼 전기차 부품 시장에서의 경쟁력을 확보하는 데 크게 기여할 것으로 기대한다”고 말했다.",https://n.news.naver.com/mnews/article/011/0004104698?sid=101
충남정신운동 청양군협의회 효자 효부 시상,2022-09-29 17:22:03,대전일보,"아름다운 효 문화를 계승, 확산    충남정신운동 청양군협의회(회장 김도수)가 지난 28일 청양복지타운 대강당에서 2022 효자·효부 시상식을 개최했다.사진=청양군 제공[청양]충남정신운동 청양군협의회(회장 김도수)가 지난 28일 청양복지타운 대강당에서 2022 효자·효부 시상식을 개최했다. 올해 효자상은 구재문(청양읍 학당길), 원순재(장평면 낙지리) 씨가 받았고 효부상은 이경수(운곡면 모곡리), 김원자(대치면 탄정리), 임인주(정산면 역촌리), 박금자(목면 본의리), 이미애(청남면 천내리), 주미숙(남양면 용마리), 조윤희(화성면 매산리), 이화선(비봉면 신원리) 씨가 받았다. 김도수 회장은 ""어려운 환경 속에서도 부모와 이웃 어른들을 극진히 섬기면서 주위를 환하게 밝힌 분들에게 상을 드리게 되어 기쁘다""고 말했다. 자리를 함께한 김돈곤 청양군수는 ""아름다운 효 문화를 계승하고 널리 확산하기 위해 매년 효자와 효부를 찾아 표창하는 청양군협의회에 감사드린다"" 며 ""역경 속에서도 효행을 다하신 수상자들께 축하와 존경의 말씀을 드린다""고 밝혔다. 충남정신운동 청양군협의회는 5대 충남 정신과 효 문화를 지역사회에 전파하기 위해 인덕장 시상, 충남 정신 방문 교실 운영, 건전 생활 캠페인을 연중 전개하고 있다.",https://n.news.naver.com/mnews/article/656/0000028009?sid=102
M&A 매수·매도인 모두 자문…김앤장 ‘양측 자문’ 5년간 16건,2022-09-29 11:58:13,문화일보,"김앤장 홈페이지 캡처법원서는 “단순한 사무대리는쌍방대리 아니다” 판단했지만최대로펌 김앤장 위상 의식해변호사법 위반 봐주기 비판도남양유업 주식매매계약을 두고 소송전을 벌인 홍원식 남양유업 회장 일가와 사모펀드 운용사 한앤컴퍼니(한앤코) 양측 모두에 법률 자문을 해 ‘쌍방 대리’ 논란을 일으킨 대형 법무법인 김앤장이 지난 5년간 16건에 달하는 쌍방 자문을 담당한 것으로 확인됐다. 법원은 단순 사무 대리는 변호사법에서 금지한 쌍방대리에 해당하지 않는다고 봤지만, 법조계에선 국내 최고 로펌인 김앤장의 위상을 의식해 법원이 위법을 눈감아 주고 있다는 지적도 나온다.29일 문화일보 취재를 종합하면, 김앤장은 이번 남양유업 지분매매 계약 외에도 2017년부터 올해까지 16건에 달하는 기업 인수·합병(M&A) 건에서 매수자와 매도자 양측 법률 자문을 담당해 왔다. 지난해 사모펀드 운용사 스카이레이크가 외식사 업체 아웃백을 bhc에 매각할 때도 김앤장 소속 변호사가 양쪽 모두 법률 자문을 맡았다. 김앤장뿐 아니라 태평양도 지난 2016년 홍콩계 사모펀드 운용사 어피너티가 한국 버거킹을 사들일 때 양측 자문을 담당했다. 법원은 이런 쌍방대리가 별문제가 없다고 판단했다. 지난 22일 서울중앙지법 민사합의30부(부장 정찬우)는 김앤장이 한앤코와 홍 회장 쌍방대리를 했다는 홍 회장 측 주장을 받아들이지 않았다. 재판부는 김앤장이 계약서 초안을 수정 및 검토해 해당 내용을 고객에게 설명하는 등 단순 업무만 진행했고, 실제 의사 결정은 홍 회장 측과 한앤코가 내렸다고 봤다. 재판부는 변호사법 위반에 대해서도 “쌍방을 자문해 체결된 계약의 효력을 무효화할 법적 근거는 없다”며 “김앤장이 홍 회장 일가와 한앤코 간 소송 이전에 이미 변호사로 선임된 점을 고려하면 쌍방 수임을 금지한 변호사법 위반에 해당한다고 단정하기 어렵다”고 판시했다.그러나 일각에서는 이처럼 쌍방대리에 법원이 엄격한 판단을 하지 않는 것은 퇴임 후 대형 로펌으로 자리를 옮기는 법관들이 김앤장의 눈치를 보기 때문이라는 비판이 나온다. 민법 제124조는 쌍방대리를 금지하고 있고, 변호사법 제31조도 법무법인이 특정 의뢰인으로부터 수임한 사건의 상대방을 대리하는 것을 금지한다고 되어 있다.박시형 법조윤리협의회 사무총장은 “쌍방이 의뢰한 사건이 동일하다면 단순 서류 작업도 안 되며, 이 같은 쌍방대리를 계속 눈감아 준다면 소송 당사자들의 권익이 침해될 것”이라고 지적했다.",https://n.news.naver.com/mnews/article/021/0002533568?sid=102
경기도 버스 90% 멈춰 서나…오늘 노사간 협의 돌입,2022-09-29 11:52:01,조선일보,"타협 불발 시 30일 오전 첫차부터 파업    경기도 버스노동조합 소속 조합원들이 지난 26일 오후 경기 수원시 영통구 경기도청에서 가진 총파업 결의대회에서 구호를 외치고 있다. /뉴스1										경기도 전체 노선버스의 90% 이상이 속한 경기도버스노동조합협의회가 29일 오후 3시부터 총파업 여부를 놓고 사측과 마지막 협상을 벌인다.이번 협상이 결렬될 경우 노조 측은 다음날인 오는 30일 첫 차부터 운행을 전면 중단할 계획이어서 출퇴근길 시민들이 큰 불편을 겪을 것으로 예상하고 있다. 이에 경기도 및 관련 시·군들은 파업에 따른 후속 대책 마련에 분주한 상태다.노조협의회는 이날 오후 3시부터 사용자 단체인 경기도버스운송사업조합과 경기지방노동위원회 중재로 2차 노동쟁의 조정회의를 갖는다. 협상 시한은 이날 자정까지다. 노사간 타협 여부를 금일 밤 늦게 혹은 다음날 새벽에 알 수 있을 것으로 예상된다.앞서 1차 조정회의는 지난 23일 열렸고 양측이 입장차만 확인한 채 타협 없이 결렬됐다.이번 협상에는 경기도 내 47개 버스업체 소속 노조원 1만5000여명이 참여하고 있다. 버스 대수는 1만600여대(공공버스 2100여대·민영제 노선 8500여대)로 도내 전체 노선버스의 92%를 차지한다.파업 참여 버스 중에선 서울과 경기도를 오가는 광역버스도 대부분 포함돼 있다. 경기도는 도내 시내버스 총 1658개 노선 8538대가 파업 관련 영향을 받을 것으로 추산하고 있다.노조 측은 장시간 운전 문제 해소와 저임금으로 인한 운전인력 유출 문제 해결을 위해 준공영제 전면시행 및 서울시 수준의 임금인상을 요구하고 있다.하지만 사측은 최근 경유가 등 원자재비 상승으로 경영상 어려움을 토로하고 있다.이에 경기도는 지난 27일 도지사 임기 내 준공영제 전면 확대 추진, 시·군 간 노선은 도 주관으로 준공영제 전환, 시·군 주관으로 전환된 준공영제 노선에 대해 도가 재정 지원 등의 중재안을 내놨다.그러나 노조 측은 “경기도 시내버스 전면 준공영제 시행이 누구도 담보할 수 없는 ‘시·군과의 협의’라는 불확실한 확대 시행 추진안이라는 점에서 거부한다”며 경기도 중재안을 사실상 반대했다.반면 사측 관계자는 “최근 코로나여파로 운송수익이 연간 3000억원 줄었고 국제 유가도 오르면서 매년 7000억원 수준의 손해가 이어지는 상황”이라며 “경기도와 정부 등 적극적 개입이 필요하다”고 말했다.상황이 이렇자 경기도와 각 관련 지자체들은 파업에 대비해 비상수송대책본부를 꾸리는 한편 전세버스 등을 확보, 시민들의 불편함을 최소화 하고자 대비책을 마련한 상태다. 경기도는 ‘경기도 비상수송대책본부’를 구성, 24시간 비상근무 체계를 가동할 방침이다.우선 권역별 거점을 연계하는 전세(관용)버스를 최대 383대를 투입한다. 동시에 파업노선을 보완하기 위해 비(非) 파업 시내버스·마을버스 1377대를 증차·증회하기로 했다. 이 밖에 해당 시군의 택시 1만888대를 대상으로 출퇴근 및 심야시간 대 집중 운행을 독려할 방침이다. 경기도 관계자는 “경기도버스정보시스템(gbis.go.kr), 시군별 홈페이지 및 사회관계망서비스(SNS), 정류소 안내문 등을 통해 대체 노선을 안내하는 등 이용객 불편을 최소화할 계획”이라고 말했다.한편 이번 협의에 참가한 47개 업체는 경기공항리무진버스, 경기상운, 경남여객, 경원여객, 남양여객, 명성운수, 백성운수, 보영운수, 부천버스, 삼경운수, 삼영운수, 서울고속, 서울여객, 선진상운, 성남시내버스, 성우운수, 소신여객, 시흥교통, 신성교통, 신일여객, 오산교통, 용남고속버스라인, 용남고속, 의왕교통, 제부여객, 평택여객, 협진여객, 화성운수, 화영운수, 경기고속, 경기여객, 대원고속, 대원버스, 대원운수, 화성여객, 경기버스, 경기운수, 명진여객, 진명여객, 선진시내, 평안운수, 포천교통, 가평교통, 김포운수, 동부고속, 선진버스, 파주선진 등이다.",https://n.news.naver.com/mnews/article/023/0003718966?sid=102
"푸드테크협의회 본격 시동…""창발가에 큰 기대""",2022-09-30 19:59:01,매일경제,"이기원 회장 ""푸드테크 기업들 미래가치 높여야""    한국푸드테크협의회가 30일 서울 코엑스에서 200여 회원사가 참여한 가운데 창립총회를 가졌다. 이기원 회장(앞줄 왼쪽 여섯번째) 등 주요 참석자들이 기념촬영을 하고 있다. [사진 제공 = 한국푸드테크협의회] 푸드테크를 한국의 새로운 성장산업으로 키우기 위한 학·연·관·산 협의체가 본격적인 활동을 시작했다. 한국푸드테크협의회는 30일 서울 코엑스에서 200여 회원사가 참여한 가운데 창립총회를 개최했다.푸드테크 산업은 소비자나 개인 입장에서 기호성, 건강, ESG, 콘텐츠를 고려한 메뉴 선정에서 조리, 주문, 배송, 물류, 제조, 소재, 원료까지 먹는 것과 연관되는 모든 첨단기술 산업을 일컫는다.푸드테크협의회장을 맡은 이기원 서울대 푸드테크학과장은 ""푸드테크가 대한민국 넘버1을 넘어 글로벌 넘버1이 되기 위해 해결해야 할 문제가 있는데 그것은 바로 사람""이라며 ""이익보다 영향력을 먼저 생각하는 사람, 직급보다는 직책을 생각하는 사람, 성취감보다 뿌듯함을 생각하는 창발가들이 필요한 시점""이라고 말했다. 이 회장은 이어 ""푸드테크 관련 기업이 당장의 이익과 아직 손에 잘 잡히지 않는 미래가치가 충돌하는 상황에서 선뜻 미래가치를 선택할 수 있도록 푸드테크협의회가 매출액이 아닌 미래가치를 기준으로 기업이 평가받을 수 있는 경제·사회·문화를 만드는 일에 앞장서겠다""고 포부를 밝혔다.이날 창립총회에서 회장단으로 선임된 기관·기업은 서울대학교, 우아한형제들, 식신, 더맘마, 한국식품연구원, 한국식품산업클러스터진흥원, 롯데중앙연구소, 신세계푸드, 남양유업, 프레시지, 바로고, 베어로보틱스, 파스토, 그린랩스, 코엑스 등이다.협의회는 올해 중점사업으로 코리아 푸드테크 엑스포(11월 2일~5일) 개최 계획도 발표했다. 200여 기업이 전시 부스를 마련하는 푸드테크 엑스포에서는 32개 기업이 8개 세션에서 푸드테크 관련 미래 비전을 발표하는 컨퍼런스도 별도 개최된다.    한국푸드테크협의회 창립총회 참석자들이 기념촬영을 하고 있다. [사진 제공 = 한국푸드테크협의회]",https://n.news.naver.com/mnews/article/009/0005024558?sid=101
"[신상품라운지]남양유업, 또떠불 팝핑해바라기씨 출시",2022-09-30 08:48:32,머니투데이,"남양유업 신제품 '또떠불 팝핑해바라기씨'./사진제공=남양유업남양유업이 플립형 토핑 요거트 브랜드 '또떠불' 팝핑해바라기씨 토핑을 출시한다고 30일 밝혔다.또떠불 팝핑해바라기씨는 떠먹는 불가리스 요거트 제조 노하우를 적용했다. 톡톡 터지는 팝핑캔디에 해바라기씨를 더했다. 디자인도기존 제품보다 요거트를 강조하는 방식으로 리뉴얼됐다.조태준 남양유업 브랜드매니저(BM)는 ""또떠불 팝핑해바라기씨는 새콤달콤한 맛에 톡톡 튀는 식감을 더해 맛과 재미를 모두 잡은 신제품""이라며 ""신제품 출시를 맞이해 소비자가 즐길 수 있는 이벤트를 진행할 예정""이라고 밝혔다.",https://n.news.naver.com/mnews/article/008/0004800793?sid=101
"남양유업, '또떠불' 팝핑해바라기씨 출시",2022-09-30 08:43:11,뉴스1,"(남양유업 제공)(서울=뉴스1) 이상학 기자 = 남양유업은 플립형 토핑 요거트 브랜드 '또떠불' 신제품을 출시했다고 30일 밝혔다. 또떠불 팝핑해바라기씨는 떠먹는 불가리스의 부드럽고 풍부한 요거트 제조 노하우를 적용했다. 입안에서 톡톡 터지는 맛이 매력적인 팝핑캔디를 토핑으로 담아 맛 뿐만 아니라 재미도 느낄 수 있다. 고소한 해바라기씨를 더해 고소한 맛과 식감까지 높였다.떠먹는 불가리스의 유풍미가 풍부한 요거트를 강조하고 MZ세대를 겨냥해 파스텔톤의 트렌디한 디자인을 적용했다.조태준 남양유업 BM은 ""또떠불 팝핑해바라기씨는 새콤달콤한 맛은 물론 톡톡 튀는 식감을 더해 맛과 재미를 모두 잡은 신제품""이라고 말했다.",https://n.news.naver.com/mnews/article/421/0006365854?sid=101
"남양유업, 톡톡 튀는 맛 '또떠불 팝핑해바라기씨' 출시",2022-09-30 08:21:43,뉴시스,"[서울=뉴시스] 김동현 기자 = 남양유업은 토핑 요거트 브랜드 또떠불 팝핑해바라기씨를 출시한다고 30일 밝혔다.  신제품은 입안에서 톡톡 터지는 맛이 매력적인 팝핑캔디를 토핑으로 담냈다. 여기에 고소한 해바라기씨를 더해 고소한 맛과 식감까지 높였다. 디자인도 전면 교체했다. 떠먹는 불가리스의 유풍미가 풍부한 요거트를 강조하고 MZ세대(밀레니얼+Z세대)를 겨냥해 파스텔톤의 트렌디한 디자인을 적용했다. 남양유업 관계자는 ""또떠불 팝핑해바라기씨는 새콤달콤한 맛은 물론 톡톡 튀는 식감을 더해 맛과 재미를 모두 잡은 신제품""이라며 ""MZ세대가 즐길 수 있는 이벤트를 진행할 예정""이라고 말했다.",https://n.news.naver.com/mnews/article/003/0011449689?sid=101
"남양유업, 또떠불 '팝핑 해바라기씨' 출시…""톡 터지는 고소한 맛""",2022-09-30 08:09:30,아시아경제,"남양유업, '또떠불 팝핑해바라기씨'./사진=남양유업 제공남양유업은 팝핑해바라기씨 토핑을 더한 플립형 토핑 요거트 브랜드 또떠불 신제품을 출시했다고 30일 밝혔다.또떠불 팝핑해바라기씨는 떠먹는 불가리스의 부드럽고 풍부한 요거트 제조 노하우를 적용했다. 입안에서 톡톡 터지는 맛이 매력적인 팝핑캔디를 토핑으로 담아 맛과 함께 먹는 재미도 더했다. 고소한 해바라기씨도 들어가 고소한 맛과 식감까지 높였다.플립요거트를 간식으로 주로 먹고 맛을 중요시하는 소비자 취향을 반영해 디자인도 전면 교체했다. 떠먹는 불가리스의 유풍미가 풍부한 요거트를 강조하고 MZ(밀레니엄+Z세대)세대를 겨냥, 파스텔톤의 트렌디한 디자인을 적용했다.남양유업 관계자는 ""또떠불 팝핑해바라기씨는 새콤달콤한 맛은 물론 톡톡 튀는 식감을 더해 맛과 재미를 모두 잡은 신제품""이라며 ""신제품 출시를 맞이해 또떠불을 즐겨 찾는 MZ세대가 즐길 수 있는 이벤트를 진행할 예정""이라고 말했다.",https://n.news.naver.com/mnews/article/277/0005155217?sid=101
"경기 버스 파업 철회, 광역·시내버스 정상 운행",2022-09-30 07:11:01,경향신문,"경기도 전체 노선버스의 90% 이상이 속한 경기도버스노동조합협의회(이하 노조협의회) 총파업을 하루 앞둔 29일 오후 경기도 용인시의 한 버스 차고지 모습. 연합뉴스경기도 버스파업이 협상결렬 당일 철회됐다. 새벽까지 재협상을 벌여 합의가 이뤄졌다.한국노총 전국자동차노동조합연맹 경기도버스노동조합협의회(노조협의회)와 사측인 경기도버스운송사업조합은 30일 오전 4시를 넘겨 타결을 이뤘다. 최종 협상에서 노사 간 이견을 좁히지 못해 총파업에 나설 예정이었는데, 합의를 이루면서 파업은 철회됐다.노사는 5% 임금 인상에 합의했다. 근로 여건 개선을 위해 14일 전에 배차 근무표를 작성하고, 유급휴일 수당을 지급하는 단체협약 개정안에도 합의했다.파업이 철회됨에 따라 경기도내 버스는 모두 정상 운행되고 있다.노조협의회에는 경기공항리무진버스, 경기상운, 경남여객, 경원여객, 남양여객 등 경기도 내 47개 버스업체 소속 노조원 1만5000여명이 참여하고 있다. 버스 대수는 1만600여대(공공버스 2100여대, 민영제 노선 8500여대)로 도내 전체 노선버스의 92%를 차지한다.",https://n.news.naver.com/mnews/article/032/0003176442?sid=102
